{"forward_times":[0.0040731430053711,0.0041091442108154,0.0040788650512695,0.0040819644927979,0.0040700435638428,0.0040829181671143,0.0041000843048096,0.0040760040283203,0.0040700435638428,0.0040769577026367],"total_times":[0.010279178619385,0.010363340377808,0.010244846343994,0.010294914245605,0.010295152664185,0.010272979736328,0.010264158248901,0.010257959365845,0.010219097137451,0.010252952575684],"gpu_name":"Tesla V100-SXM2-16GB","opt":{"gpu":0,"num_passes":10,"model_t7":"models\/googlenet-v1.t7","batch_size":1,"output_json":"v100_cudnn7004_batch1\/216497.json","image_height":224,"image_width":224,"use_cudnn":0},"cudnn_version":"none","backward_times":[0.0062060356140137,0.0062541961669922,0.0061659812927246,0.0062129497528076,0.0062251091003418,0.0061900615692139,0.0061640739440918,0.0061819553375244,0.0061490535736084,0.0061759948730469]}