{"forward_times":[0.0078279972076416,0.0077319145202637,0.0077512264251709,0.0077419281005859,0.0077908039093018,0.0077400207519531,0.0077521800994873,0.0077300071716309,0.007742166519165,0.0077760219573975],"total_times":[0.021570920944214,0.021461009979248,0.021528244018555,0.021488904953003,0.021521806716919,0.02150821685791,0.021495342254639,0.021468877792358,0.021474123001099,0.02151894569397],"gpu_name":"Tesla V100-SXM2-16GB","opt":{"gpu":0,"num_passes":10,"model_t7":"models\/resnet-101.t7","batch_size":1,"output_json":"v100_cudnn7004_batch1\/289374.json","image_height":224,"image_width":224,"use_cudnn":0},"cudnn_version":"none","backward_times":[0.013742923736572,0.013729095458984,0.013777017593384,0.013746976852417,0.013731002807617,0.013768196105957,0.013743162155151,0.013738870620728,0.013731956481934,0.013742923736572]}