{"forward_times":[0.0032830238342285,0.0031378269195557,0.003242015838623,0.0031609535217285,0.0031471252441406,0.0031459331512451,0.0031459331512451,0.0030999183654785,0.0031559467315674,0.0031440258026123],"total_times":[0.0084669589996338,0.0083038806915283,0.0084049701690674,0.0083439350128174,0.0083069801330566,0.0083057880401611,0.0082387924194336,0.0082128047943115,0.0082478523254395,0.0081892013549805],"gpu_name":"Tesla V100-SXM2-16GB","opt":{"gpu":0,"num_passes":10,"model_t7":"models\/resnet-18.t7","batch_size":1,"output_json":"v100_cudnn7004_batch1\/306968.json","image_height":224,"image_width":224,"use_cudnn":1},"cudnn_version":7004,"backward_times":[0.0051839351654053,0.0051660537719727,0.0051629543304443,0.0051829814910889,0.005159854888916,0.005159854888916,0.0050928592681885,0.005112886428833,0.0050919055938721,0.0050451755523682]}