{"forward_times":[0.015141010284424,0.014947891235352,0.014803171157837,0.014792919158936,0.014863014221191,0.014827013015747,0.014836072921753,0.014781951904297,0.014816045761108,0.014846086502075],"total_times":[0.042382001876831,0.042184829711914,0.042007207870483,0.042011976242065,0.042093992233276,0.042058944702148,0.042057037353516,0.042033910751343,0.042031049728394,0.042119979858398],"gpu_name":"Tesla V100-SXM2-16GB","opt":{"gpu":0,"num_passes":10,"model_t7":"models\/resnet-200.t7","batch_size":1,"output_json":"v100_cudnn7004_batch1\/309639.json","image_height":224,"image_width":224,"use_cudnn":0},"cudnn_version":"none","backward_times":[0.027240991592407,0.027236938476562,0.027204036712646,0.02721905708313,0.027230978012085,0.027231931686401,0.027220964431763,0.027251958847046,0.027215003967285,0.027273893356323]}