{"forward_times":[0.0043189525604248,0.0042018890380859,0.0042340755462646,0.004141092300415,0.004256010055542,0.0041539669036865,0.0041811466217041,0.0041399002075195,0.0041720867156982,0.0041987895965576],"total_times":[0.012519836425781,0.01239275932312,0.012420892715454,0.012349128723145,0.012443065643311,0.012349128723145,0.012401103973389,0.012341976165771,0.012356996536255,0.01238489151001],"gpu_name":"Tesla V100-SXM2-16GB","opt":{"gpu":0,"num_passes":10,"model_t7":"models\/resnet-50.t7","batch_size":1,"output_json":"v100_cudnn7004_batch1\/311530.json","image_height":224,"image_width":224,"use_cudnn":0},"cudnn_version":"none","backward_times":[0.0082008838653564,0.0081908702850342,0.0081868171691895,0.0082080364227295,0.0081870555877686,0.008195161819458,0.0082199573516846,0.008202075958252,0.0081849098205566,0.0081861019134521]}