{"forward_times":[0.0061688423156738,0.0061681270599365,0.0061898231506348,0.0061688423156738,0.0061900615692139,0.0059571266174316,0.0060019493103027,0.0059130191802979,0.0059309005737305,0.0059208869934082],"total_times":[0.019606828689575,0.01963210105896,0.019771814346313,0.019664764404297,0.019278049468994,0.018930912017822,0.018918752670288,0.018832921981812,0.018837928771973,0.018865823745728],"gpu_name":"Tesla V100-SXM2-16GB","opt":{"gpu":0,"num_passes":10,"model_t7":"models\/vgg19.t7","batch_size":1,"output_json":"v100_cudnn7004_batch1\/38667.json","image_height":224,"image_width":224,"use_cudnn":0},"cudnn_version":"none","backward_times":[0.013437986373901,0.013463973999023,0.013581991195679,0.013495922088623,0.01308798789978,0.012973785400391,0.012916803359985,0.012919902801514,0.012907028198242,0.012944936752319]}