{"forward_times":[0.02053689956665,0.019161939620972,0.019758939743042,0.019733905792236,0.019871950149536,0.020754098892212,0.020649909973145,0.021160840988159,0.019411087036133,0.019579172134399],"total_times":[0.09057092666626,0.088909864425659,0.089524030685425,0.089532852172852,0.089576005935669,0.090564966201782,0.09040379524231,0.090930938720703,0.089135885238647,0.089296340942383],"gpu_name":"Tesla V100-SXM2-16GB","opt":{"gpu":0,"num_passes":10,"model_t7":"models\/resnet-152.t7","batch_size":1,"output_json":"v100_cudnn7004_batch1\/463021.json","image_height":224,"image_width":224,"use_cudnn":1},"cudnn_version":7004,"backward_times":[0.070034027099609,0.069747924804688,0.069765090942383,0.069798946380615,0.069704055786133,0.06981086730957,0.069753885269165,0.069770097732544,0.069724798202515,0.069717168807983]}