{"forward_times":[0.0056180953979492,0.0056328773498535,0.0056419372558594,0.0056748390197754,0.0056769847869873,0.0056099891662598,0.0056087970733643,0.0056500434875488,0.0052609443664551,0.0052781105041504],"total_times":[0.017052888870239,0.017033815383911,0.017026901245117,0.017094850540161,0.017088890075684,0.017030954360962,0.016995668411255,0.017065048217773,0.016010046005249,0.016120195388794],"gpu_name":"Tesla V100-SXM2-16GB","opt":{"gpu":0,"num_passes":10,"model_t7":"models\/vgg19.t7","batch_size":1,"output_json":"v100_cudnn7004_batch1\/463291.json","image_height":224,"image_width":224,"use_cudnn":1},"cudnn_version":7004,"backward_times":[0.01143479347229,0.011400938034058,0.011384963989258,0.011420011520386,0.011411905288696,0.011420965194702,0.011386871337891,0.011415004730225,0.010749101638794,0.010842084884644]}