{"forward_times":[0.024580955505371,0.026157140731812,0.026562929153442,0.024169921875,0.024293899536133,0.024228096008301,0.024664878845215,0.024984121322632,0.026000022888184,0.026350975036621],"total_times":[0.10549092292786,0.10706424713135,0.10749101638794,0.10499978065491,0.1051938533783,0.10511207580566,0.10555982589722,0.10583829879761,0.10697889328003,0.10725212097168],"gpu_name":"Tesla V100-SXM2-16GB","opt":{"gpu":0,"num_passes":10,"model_t7":"models\/resnet-200.t7","batch_size":1,"output_json":"v100_cudnn7004_batch1\/484591.json","image_height":224,"image_width":224,"use_cudnn":1},"cudnn_version":7004,"backward_times":[0.080909967422485,0.080907106399536,0.080928087234497,0.080829858779907,0.080899953842163,0.080883979797363,0.080894947052002,0.080854177474976,0.080978870391846,0.080901145935059]}