{"forward_times":[0.014158964157104,0.013113975524902,0.012995958328247,0.012976169586182,0.013154983520508,0.01315712928772,0.013128995895386,0.013223886489868,0.01374888420105,0.013805866241455],"total_times":[0.066683053970337,0.063503980636597,0.06340503692627,0.063420057296753,0.063519954681396,0.063595056533813,0.063517093658447,0.063610076904297,0.064214944839478,0.064231872558594],"gpu_name":"Tesla V100-SXM2-16GB","opt":{"gpu":0,"num_passes":10,"model_t7":"models\/resnet-101.t7","batch_size":1,"output_json":"v100_cudnn7004_batch1\/526831.json","image_height":224,"image_width":224,"use_cudnn":1},"cudnn_version":7004,"backward_times":[0.052524089813232,0.050390005111694,0.050409078598022,0.050443887710571,0.050364971160889,0.050437927246094,0.050388097763062,0.050386190414429,0.050466060638428,0.050426006317139]}