{"forward_times":[0.0077850818634033,0.0076339244842529,0.0075621604919434,0.0072669982910156,0.0073800086975098,0.0072999000549316,0.0073840618133545,0.0072770118713379,0.0072841644287109,0.0072891712188721],"total_times":[0.037631988525391,0.037548780441284,0.036883115768433,0.036113977432251,0.036185026168823,0.03609299659729,0.036211013793945,0.036074161529541,0.036118268966675,0.036089181900024],"gpu_name":"Tesla V100-SXM2-16GB","opt":{"gpu":0,"num_passes":10,"model_t7":"models\/resnet-50.t7","batch_size":1,"output_json":"v100_cudnn7004_batch1\/545077.json","image_height":224,"image_width":224,"use_cudnn":1},"cudnn_version":7004,"backward_times":[0.029846906661987,0.029914855957031,0.029320955276489,0.028846979141235,0.028805017471313,0.028793096542358,0.028826951980591,0.028797149658203,0.028834104537964,0.028800010681152]}