{"forward_times":[0.0018069744110107,0.0017659664154053,0.0017919540405273,0.0017759799957275,0.0018260478973389,0.00177001953125,0.0017712116241455,0.0017669200897217,0.0017731189727783,0.0017859935760498],"total_times":[0.0050489902496338,0.0050067901611328,0.0050160884857178,0.0049939155578613,0.0050451755523682,0.0049870014190674,0.0050082206726074,0.0049889087677002,0.005014181137085,0.0050008296966553],"gpu_name":"Tesla V100-SXM2-16GB","opt":{"gpu":0,"num_passes":10,"model_t7":"models\/resnet-18.t7","batch_size":1,"output_json":"v100_cudnn7004_batch1\/548076.json","image_height":224,"image_width":224,"use_cudnn":0},"cudnn_version":"none","backward_times":[0.003242015838623,0.0032408237457275,0.0032241344451904,0.0032179355621338,0.0032191276550293,0.0032169818878174,0.0032370090484619,0.0032219886779785,0.0032410621643066,0.0032148361206055]}