{"forward_times":[0.0032699108123779,0.0032689571380615,0.0032989978790283,0.0032668113708496,0.0033149719238281,0.0032999515533447,0.003270149230957,0.003277063369751,0.0032670497894287,0.0033278465270996],"total_times":[0.0087828636169434,0.0087220668792725,0.0087440013885498,0.0087306499481201,0.0087709426879883,0.0087289810180664,0.0087301731109619,0.0087080001831055,0.0086960792541504,0.0087578296661377],"gpu_name":"Tesla V100-SXM2-16GB","opt":{"gpu":0,"num_passes":10,"model_t7":"models\/resnet-34.t7","batch_size":1,"output_json":"v100_cudnn7004_batch1\/58710.json","image_height":224,"image_width":224,"use_cudnn":0},"cudnn_version":"none","backward_times":[0.0055129528045654,0.0054531097412109,0.0054450035095215,0.0054638385772705,0.0054559707641602,0.0054290294647217,0.0054600238800049,0.0054309368133545,0.0054290294647217,0.0054299831390381]}