{"forward_times":[0.0060639381408691,0.0059258937835693,0.0058469772338867,0.005911111831665,0.0059440135955811,0.0059769153594971,0.0059399604797363,0.005897045135498,0.0058908462524414,0.0060150623321533],"total_times":[0.014472961425781,0.014205932617188,0.014153003692627,0.014361143112183,0.014308929443359,0.01436185836792,0.01422381401062,0.014242172241211,0.014195919036865,0.014344215393066],"gpu_name":"Tesla V100-SXM2-16GB","opt":{"gpu":0,"num_passes":10,"model_t7":"models\/resnet-34.t7","batch_size":1,"output_json":"v100_cudnn7004_batch1\/743713.json","image_height":224,"image_width":224,"use_cudnn":1},"cudnn_version":7004,"backward_times":[0.0084090232849121,0.0082800388336182,0.0083060264587402,0.0084500312805176,0.0083649158477783,0.0083849430084229,0.0082838535308838,0.0083451271057129,0.0083050727844238,0.0083291530609131]}