{"forward_times":[0.0063600540161133,0.0060250759124756,0.0062429904937744,0.0062150955200195,0.0061581134796143,0.0061190128326416,0.0061478614807129,0.0061099529266357,0.0063469409942627,0.0064380168914795],"total_times":[0.017630100250244,0.017044067382812,0.017446994781494,0.017381191253662,0.017166137695312,0.017197132110596,0.017249822616577,0.017194032669067,0.018663883209229,0.018096923828125],"gpu_name":"Tesla V100-SXM2-16GB","opt":{"gpu":0,"num_passes":10,"model_t7":"models\/googlenet-v1.t7","batch_size":1,"output_json":"v100_cudnn7004_batch1\/875182.json","image_height":224,"image_width":224,"use_cudnn":1},"cudnn_version":7004,"backward_times":[0.011270046234131,0.011018991470337,0.01120400428772,0.011166095733643,0.011008024215698,0.011078119277954,0.011101961135864,0.011084079742432,0.012316942214966,0.011658906936646]}