{"forward_times":[0.0050661563873291,0.0050718784332275,0.0050311088562012,0.0050389766693115,0.0048589706420898,0.0048418045043945,0.00484299659729,0.0048251152038574,0.0048260688781738,0.0048468112945557],"total_times":[0.01673412322998,0.016737937927246,0.016689300537109,0.016726016998291,0.016139984130859,0.016072750091553,0.016088962554932,0.016041278839111,0.016021013259888,0.016064882278442],"gpu_name":"Tesla V100-SXM2-16GB","opt":{"gpu":0,"num_passes":10,"model_t7":"models\/vgg16.t7","batch_size":1,"output_json":"v100_cudnn7004_batch1\/886832.json","image_height":224,"image_width":224,"use_cudnn":0},"cudnn_version":"none","backward_times":[0.011667966842651,0.011666059494019,0.011658191680908,0.011687040328979,0.01128101348877,0.011230945587158,0.011245965957642,0.011216163635254,0.011194944381714,0.011218070983887]}