{"forward_times":[0.0046498775482178,0.0046389102935791,0.0046119689941406,0.0046169757843018,0.0046160221099854,0.0046041011810303,0.0046250820159912,0.0042810440063477,0.0043079853057861,0.0042839050292969],"total_times":[0.014288902282715,0.014270067214966,0.014279842376709,0.014243841171265,0.014243125915527,0.014255046844482,0.013978242874146,0.01336407661438,0.013370990753174,0.013365983963013],"gpu_name":"Tesla V100-SXM2-16GB","opt":{"gpu":0,"num_passes":10,"model_t7":"models\/vgg16.t7","batch_size":1,"output_json":"v100_cudnn7004_batch1\/929990.json","image_height":224,"image_width":224,"use_cudnn":1},"cudnn_version":7004,"backward_times":[0.0096390247344971,0.0096311569213867,0.0096678733825684,0.0096268653869629,0.009627103805542,0.0096509456634521,0.0093531608581543,0.0090830326080322,0.0090630054473877,0.0090820789337158]}