{"forward_times":[0.011503934860229,0.011516094207764,0.01158595085144,0.012050151824951,0.011499881744385,0.011469125747681,0.01146411895752,0.011461019515991,0.011440992355347,0.011506795883179],"total_times":[0.031471967697144,0.03143310546875,0.031531810760498,0.032161235809326,0.03141188621521,0.031419992446899,0.031391143798828,0.031391859054565,0.031365871429443,0.031426668167114],"gpu_name":"Tesla V100-SXM2-16GB","opt":{"gpu":0,"num_passes":10,"model_t7":"models\/resnet-152.t7","batch_size":1,"output_json":"v100_cudnn7004_batch1\/955489.json","image_height":224,"image_width":224,"use_cudnn":0},"cudnn_version":"none","backward_times":[0.019968032836914,0.019917011260986,0.019945859909058,0.020111083984375,0.019912004470825,0.019950866699219,0.019927024841309,0.019930839538574,0.019924879074097,0.019919872283936]}