{"forward_times":[0.0014159679412842,0.0013899803161621,0.0014331340789795,0.0013790130615234,0.0013909339904785,0.001384973526001,0.0014278888702393,0.0013868808746338,0.0013868808746338,0.0014219284057617],"total_times":[0.0041017532348633,0.0040409564971924,0.0040919780731201,0.0040459632873535,0.0041098594665527,0.0040969848632812,0.0041239261627197,0.0040519237518311,0.0040428638458252,0.0041038990020752],"gpu_name":"Tesla V100-SXM2-16GB","opt":{"gpu":0,"num_passes":10,"model_t7":"models\/alexnet.t7","batch_size":1,"output_json":"v100_cudnn7004_batch1\/984922.json","image_height":224,"image_width":224,"use_cudnn":1},"cudnn_version":7004,"backward_times":[0.0026857852935791,0.0026509761810303,0.0026588439941406,0.0026669502258301,0.0027189254760742,0.0027120113372803,0.0026960372924805,0.0026650428771973,0.0026559829711914,0.0026819705963135]}