{"forward_times":[0.063126802444458,0.063095092773438,0.063123941421509,0.063122987747192,0.063103914260864,0.063164949417114,0.063139915466309,0.063050985336304,0.063143968582153,0.063252925872803],"total_times":[0.18849873542786,0.18847990036011,0.18837690353394,0.18849611282349,0.18832182884216,0.18843102455139,0.18846487998962,0.18844103813171,0.18847107887268,0.18856287002563],"gpu_name":"Tesla V100-SXM2-16GB","opt":{"gpu":0,"num_passes":10,"model_t7":"models\/resnet-152.t7","batch_size":24,"output_json":"v100_cudnn7004_batch24\/174599.json","image_height":224,"image_width":224,"use_cudnn":1},"cudnn_version":7004,"backward_times":[0.1253719329834,0.12538480758667,0.12525296211243,0.12537312507629,0.1252179145813,0.12526607513428,0.12532496452332,0.12539005279541,0.12532711029053,0.12530994415283]}