{"forward_times":[0.16891312599182,0.16891884803772,0.1688380241394,0.16892790794373,0.16887092590332,0.16892099380493,0.1689510345459,0.16897892951965,0.16892600059509,0.16897797584534],"total_times":[0.45828199386597,0.45819973945618,0.45822811126709,0.45832586288452,0.45816898345947,0.45834398269653,0.4583568572998,0.45837187767029,0.45831799507141,0.45826697349548],"gpu_name":"Tesla V100-SXM2-16GB","opt":{"gpu":0,"num_passes":10,"model_t7":"models\/resnet-101.t7","batch_size":24,"output_json":"v100_cudnn7004_batch24\/242472.json","image_height":224,"image_width":224,"use_cudnn":0},"cudnn_version":"none","backward_times":[0.28936886787415,0.28928089141846,0.28939008712769,0.2893979549408,0.28929805755615,0.2894229888916,0.28940582275391,0.28939294815063,0.28939199447632,0.28928899765015]}