{"forward_times":[0.039039850234985,0.039056777954102,0.039085865020752,0.038959980010986,0.038967132568359,0.039108991622925,0.039048910140991,0.038947820663452,0.038981914520264,0.03911018371582],"total_times":[0.1208279132843,0.12087774276733,0.12085890769958,0.1207218170166,0.12066125869751,0.12085199356079,0.12087082862854,0.12070989608765,0.12081694602966,0.120845079422],"gpu_name":"Tesla V100-SXM2-16GB","opt":{"gpu":0,"num_passes":10,"model_t7":"models\/vgg16.t7","batch_size":24,"output_json":"v100_cudnn7004_batch24\/247198.json","image_height":224,"image_width":224,"use_cudnn":1},"cudnn_version":7004,"backward_times":[0.081788063049316,0.081820964813232,0.081773042678833,0.081761837005615,0.08169412612915,0.081743001937866,0.081821918487549,0.081762075424194,0.081835031509399,0.081734895706177]}