{"forward_times":[0.24889397621155,0.24887585639954,0.24890613555908,0.24885010719299,0.24886989593506,0.24891901016235,0.24889206886292,0.2488260269165,0.24893498420715,0.24891209602356],"total_times":[0.66575288772583,0.66568374633789,0.66576504707336,0.66547608375549,0.66555595397949,0.66572189331055,0.66555094718933,0.66547703742981,0.66568994522095,0.66564106941223],"gpu_name":"Tesla V100-SXM2-16GB","opt":{"gpu":0,"num_passes":10,"model_t7":"models\/resnet-152.t7","batch_size":24,"output_json":"v100_cudnn7004_batch24\/283542.json","image_height":224,"image_width":224,"use_cudnn":0},"cudnn_version":"none","backward_times":[0.41685891151428,0.41680788993835,0.41685891151428,0.4166259765625,0.41668605804443,0.41680288314819,0.41665887832642,0.41665101051331,0.41675496101379,0.41672897338867]}