{"forward_times":[0.046015024185181,0.046049833297729,0.046075105667114,0.046027183532715,0.045992136001587,0.046171903610229,0.046126842498779,0.045986890792847,0.046075105667114,0.046020984649658],"total_times":[0.14006900787354,0.14023089408875,0.14004898071289,0.13999819755554,0.14003705978394,0.14010000228882,0.14019393920898,0.14009594917297,0.14022326469421,0.14008712768555],"gpu_name":"Tesla V100-SXM2-16GB","opt":{"gpu":0,"num_passes":10,"model_t7":"models\/vgg19.t7","batch_size":24,"output_json":"v100_cudnn7004_batch24\/463673.json","image_height":224,"image_width":224,"use_cudnn":1},"cudnn_version":7004,"backward_times":[0.094053983688354,0.094181060791016,0.093973875045776,0.093971014022827,0.094044923782349,0.093928098678589,0.094067096710205,0.094109058380127,0.0941481590271,0.094066143035889]}