{"forward_times":[0.044371843338013,0.044339179992676,0.044458150863647,0.044349908828735,0.044356822967529,0.044326782226562,0.044348001480103,0.044395923614502,0.044406890869141,0.044397115707397],"total_times":[0.13467502593994,0.13454699516296,0.13466310501099,0.13460969924927,0.13456583023071,0.13462662696838,0.13463187217712,0.13483500480652,0.13464689254761,0.13456606864929],"gpu_name":"Tesla V100-SXM2-16GB","opt":{"gpu":0,"num_passes":10,"model_t7":"models\/resnet-101.t7","batch_size":24,"output_json":"v100_cudnn7004_batch24\/506029.json","image_height":224,"image_width":224,"use_cudnn":1},"cudnn_version":7004,"backward_times":[0.090303182601929,0.090207815170288,0.090204954147339,0.090259790420532,0.090209007263184,0.090299844741821,0.090283870697021,0.090439081192017,0.090240001678467,0.090168952941895]}