{"forward_times":[0.089359045028687,0.08936595916748,0.089332818984985,0.089293956756592,0.089329957962036,0.089391946792603,0.089317083358765,0.089354991912842,0.089327096939087,0.08932900428772],"total_times":[0.26476192474365,0.26476693153381,0.26471996307373,0.26476097106934,0.26472687721252,0.26482582092285,0.26483392715454,0.26468205451965,0.26469802856445,0.26469707489014],"gpu_name":"Tesla V100-SXM2-16GB","opt":{"gpu":0,"num_passes":10,"model_t7":"models\/resnet-50.t7","batch_size":24,"output_json":"v100_cudnn7004_batch24\/532878.json","image_height":224,"image_width":224,"use_cudnn":0},"cudnn_version":"none","backward_times":[0.17540287971497,0.17540097236633,0.17538714408875,0.17546701431274,0.17539691925049,0.17543387413025,0.17551684379578,0.17532706260681,0.17537093162537,0.17536807060242]}