{"forward_times":[0.011016845703125,0.011019945144653,0.011072874069214,0.011009931564331,0.011039972305298,0.011050224304199,0.011023998260498,0.01104211807251,0.010983943939209,0.011018991470337],"total_times":[0.037697792053223,0.037810087203979,0.037915945053101,0.037779808044434,0.037802934646606,0.037792205810547,0.03783392906189,0.037724256515503,0.037784814834595,0.037773847579956],"gpu_name":"Tesla V100-SXM2-16GB","opt":{"gpu":0,"num_passes":10,"model_t7":"models\/googlenet-v1.t7","batch_size":24,"output_json":"v100_cudnn7004_batch24\/635878.json","image_height":224,"image_width":224,"use_cudnn":1},"cudnn_version":7004,"backward_times":[0.026680946350098,0.026790142059326,0.026843070983887,0.026769876480103,0.026762962341309,0.026741981506348,0.026809930801392,0.026682138442993,0.026800870895386,0.026754856109619]}