{"forward_times":[0.084349870681763,0.084372997283936,0.084293127059937,0.084314107894897,0.084375143051147,0.084333181381226,0.084384918212891,0.084376096725464,0.084332942962646,0.084355115890503],"total_times":[0.20049691200256,0.20056891441345,0.20048403739929,0.20052003860474,0.20064616203308,0.20054006576538,0.20054578781128,0.2005021572113,0.20054793357849,0.20055913925171],"gpu_name":"Tesla V100-SXM2-16GB","opt":{"gpu":0,"num_passes":10,"model_t7":"models\/googlenet-v1.t7","batch_size":24,"output_json":"v100_cudnn7004_batch24\/725751.json","image_height":224,"image_width":224,"use_cudnn":0},"cudnn_version":"none","backward_times":[0.1161470413208,0.11619591712952,0.11619091033936,0.11620593070984,0.11627101898193,0.11620688438416,0.11616086959839,0.11612606048584,0.11621499061584,0.11620402336121]}