{"forward_times":[0.038042068481445,0.038033008575439,0.038023948669434,0.038057088851929,0.037997961044312,0.038058996200562,0.038049936294556,0.038051843643188,0.037995100021362,0.038025856018066],"total_times":[0.10483598709106,0.10486483573914,0.10482096672058,0.10493111610413,0.10484600067139,0.10485100746155,0.10484480857849,0.10486674308777,0.10482788085938,0.10486602783203],"gpu_name":"Tesla V100-SXM2-16GB","opt":{"gpu":0,"num_passes":10,"model_t7":"models\/resnet-18.t7","batch_size":24,"output_json":"v100_cudnn7004_batch24\/756027.json","image_height":224,"image_width":224,"use_cudnn":0},"cudnn_version":"none","backward_times":[0.066793918609619,0.066831827163696,0.066797018051147,0.066874027252197,0.066848039627075,0.066792011260986,0.066794872283936,0.06681489944458,0.066832780838013,0.066840171813965]}