{"forward_times":[0.12623190879822,0.12661600112915,0.1265230178833,0.12633299827576,0.12646913528442,0.12639999389648,0.12644696235657,0.12633299827576,0.12633109092712,0.12670087814331],"total_times":[0.39093685150146,0.39106607437134,0.39125108718872,0.39083695411682,0.39111304283142,0.39035701751709,0.39090299606323,0.39048790931702,0.39058923721313,0.39134764671326],"gpu_name":"Tesla V100-SXM2-16GB","opt":{"gpu":0,"num_passes":10,"model_t7":"models\/vgg19.t7","batch_size":24,"output_json":"v100_cudnn7004_batch24\/773681.json","image_height":224,"image_width":224,"use_cudnn":0},"cudnn_version":"none","backward_times":[0.26470494270325,0.26445007324219,0.26472806930542,0.26450395584106,0.264643907547,0.26395702362061,0.26445603370667,0.26415491104126,0.26425814628601,0.26464676856995]}