{"forward_times":[0.028037071228027,0.028033971786499,0.028060913085938,0.02799391746521,0.027992010116577,0.028017997741699,0.028045892715454,0.028050184249878,0.027989864349365,0.028046131134033],"total_times":[0.087340116500854,0.087360858917236,0.087469100952148,0.087394952774048,0.087338924407959,0.087517976760864,0.087423801422119,0.087385177612305,0.087393999099731,0.087385177612305],"gpu_name":"Tesla V100-SXM2-16GB","opt":{"gpu":0,"num_passes":10,"model_t7":"models\/resnet-50.t7","batch_size":24,"output_json":"v100_cudnn7004_batch24\/902493.json","image_height":224,"image_width":224,"use_cudnn":1},"cudnn_version":7004,"backward_times":[0.059303045272827,0.059326887130737,0.059408187866211,0.059401035308838,0.059346914291382,0.059499979019165,0.059377908706665,0.059334993362427,0.059404134750366,0.059339046478271]}