{"forward_times":[0.015605926513672,0.015522956848145,0.015568017959595,0.015527009963989,0.015575885772705,0.015567064285278,0.015604019165039,0.015550851821899,0.015614986419678,0.015568017959595],"total_times":[0.047714948654175,0.047708988189697,0.047743082046509,0.047733068466187,0.047714948654175,0.047649145126343,0.047689914703369,0.047693729400635,0.047807931900024,0.047688961029053],"gpu_name":"Tesla V100-SXM2-16GB","opt":{"gpu":0,"num_passes":10,"model_t7":"models\/resnet-34.t7","batch_size":24,"output_json":"v100_cudnn7004_batch24\/933192.json","image_height":224,"image_width":224,"use_cudnn":1},"cudnn_version":7004,"backward_times":[0.032109022140503,0.032186031341553,0.032175064086914,0.032206058502197,0.03213906288147,0.032082080841064,0.03208589553833,0.032142877578735,0.032192945480347,0.032120943069458]}