{"forward_times":[0.0041079521179199,0.0040490627288818,0.0040469169616699,0.0040647983551025,0.0040261745452881,0.0040590763092041,0.0040109157562256,0.0041429996490479,0.0041401386260986,0.0040321350097656],"total_times":[0.012696027755737,0.012646198272705,0.012631893157959,0.012638807296753,0.012639045715332,0.012638092041016,0.01261305809021,0.012710094451904,0.012723207473755,0.012609243392944],"gpu_name":"Tesla V100-SXM2-16GB","opt":{"gpu":0,"num_passes":10,"model_t7":"models\/alexnet.t7","batch_size":24,"output_json":"v100_cudnn7004_batch24\/939178.json","image_height":224,"image_width":224,"use_cudnn":1},"cudnn_version":7004,"backward_times":[0.0085880756378174,0.0085971355438232,0.0085849761962891,0.0085740089416504,0.0086128711700439,0.0085790157318115,0.0086021423339844,0.0085670948028564,0.0085830688476562,0.0085771083831787]}