{"forward_times":[0.10052585601807,0.10053896903992,0.10055899620056,0.10046005249023,0.10030102729797,0.10055708885193,0.10051989555359,0.10023999214172,0.10053992271423,0.10042500495911],"total_times":[0.32426571846008,0.32408380508423,0.32403302192688,0.32370615005493,0.32364797592163,0.32331395149231,0.32372808456421,0.32368588447571,0.32341384887695,0.32398104667664],"gpu_name":"Tesla V100-SXM2-16GB","opt":{"gpu":0,"num_passes":10,"model_t7":"models\/vgg16.t7","batch_size":24,"output_json":"v100_cudnn7004_batch24\/954537.json","image_height":224,"image_width":224,"use_cudnn":0},"cudnn_version":"none","backward_times":[0.22373986244202,0.22354483604431,0.22347402572632,0.2232460975647,0.22334694862366,0.22275686264038,0.22320818901062,0.22344589233398,0.22287392616272,0.22355604171753]}