{"forward_times":[0.070097923278809,0.070040941238403,0.069962024688721,0.069979190826416,0.069972991943359,0.070069074630737,0.070083141326904,0.070080041885376,0.069997072219849,0.070024013519287],"total_times":[0.18249893188477,0.18251204490662,0.18227314949036,0.18229699134827,0.18228197097778,0.18237924575806,0.18243026733398,0.18236494064331,0.18224692344666,0.18238306045532],"gpu_name":"Tesla V100-SXM2-16GB","opt":{"gpu":0,"num_passes":10,"model_t7":"models\/resnet-34.t7","batch_size":24,"output_json":"v100_cudnn7004_batch24\/984597.json","image_height":224,"image_width":224,"use_cudnn":0},"cudnn_version":"none","backward_times":[0.11240100860596,0.11247110366821,0.11231112480164,0.11231780052185,0.11230897903442,0.11231017112732,0.11234712600708,0.11228489875793,0.11224985122681,0.11235904693604]}