{"forward_times":[0.0091071128845215,0.0091052055358887,0.009119987487793,0.0090920925140381,0.009099006652832,0.0090830326080322,0.0090930461883545,0.0091109275817871,0.0090780258178711,0.0090889930725098],"total_times":[0.029130220413208,0.029165267944336,0.029144048690796,0.029067993164062,0.029075145721436,0.02910304069519,0.029081106185913,0.029112100601196,0.029104232788086,0.029143095016479],"gpu_name":"Tesla V100-SXM2-16GB","opt":{"gpu":0,"num_passes":10,"model_t7":"models\/resnet-18.t7","batch_size":24,"output_json":"v100_cudnn7004_batch24\/986661.json","image_height":224,"image_width":224,"use_cudnn":1},"cudnn_version":7004,"backward_times":[0.020023107528687,0.020060062408447,0.020024061203003,0.019975900650024,0.019976139068604,0.020020008087158,0.019988059997559,0.020001173019409,0.020026206970215,0.02005410194397]}