{"forward_times":[0.83346605300903,0.83282494544983,0.8329451084137,0.83474898338318,0.83453106880188,0.83661699295044,0.83703279495239,0.83390378952026,0.83832406997681,0.83381390571594],"total_times":[2.4541921615601,2.4538867473602,2.4555521011353,2.4593098163605,2.4579100608826,2.4597911834717,2.4615707397461,2.4582977294922,2.4635310173035,2.4587798118591],"gpu_name":"Tesla K80","opt":{"gpu":0,"num_passes":10,"model_t7":"models\/resnet-200.t7","batch_size":16,"output_json":"outputs\/k80_cudnn5110\/152889.json","image_height":224,"image_width":224,"use_cudnn":0},"cudnn_version":"none","backward_times":[1.620726108551,1.6210618019104,1.6226069927216,1.6245608329773,1.6233789920807,1.6231741905212,1.6245379447937,1.6243939399719,1.6252069473267,1.6249659061432]}