{"forward_times":[0.44063496589661,0.44180607795715,0.44155287742615,0.44102716445923,0.44201397895813,0.44080090522766,0.44465303421021,0.44161295890808,0.44142198562622,0.44138288497925],"total_times":[1.3070049285889,1.3097102642059,1.3092439174652,1.3095180988312,1.3101019859314,1.3115427494049,1.312432050705,1.3110439777374,1.3094718456268,1.3107438087463],"gpu_name":"Tesla K80","opt":{"gpu":0,"num_passes":10,"model_t7":"models\/resnet-101.t7","batch_size":16,"output_json":"outputs\/k80_cudnn5110\/212658.json","image_height":224,"image_width":224,"use_cudnn":0},"cudnn_version":"none","backward_times":[0.86636996269226,0.86790418624878,0.86769104003906,0.86849093437195,0.86808800697327,0.87074184417725,0.86777901649475,0.86943101882935,0.86804986000061,0.86936092376709]}