{"forward_times":[0.34906578063965,0.34465408325195,0.34417295455933,0.34806704521179,0.34525895118713,0.34470891952515,0.34508419036865,0.34927606582642,0.34468603134155,0.34731698036194],"total_times":[1.392894744873,1.3880431652069,1.3884739875793,1.3957152366638,1.398176908493,1.3991050720215,1.4007570743561,1.3920080661774,1.3993740081787,1.3958539962769],"gpu_name":"Tesla K80","opt":{"gpu":0,"num_passes":10,"model_t7":"models\/vgg16.t7","batch_size":16,"output_json":"outputs\/k80_cudnn5110\/230583.json","image_height":224,"image_width":224,"use_cudnn":0},"cudnn_version":"none","backward_times":[1.0438289642334,1.043389081955,1.04430103302,1.047648191452,1.0529179573059,1.0543961524963,1.0556728839874,1.042732000351,1.0546879768372,1.0485370159149]}