{"forward_times":[0.11930918693542,0.12637710571289,0.12520503997803,0.12481284141541,0.12513589859009,0.12503814697266,0.12587785720825,0.12027788162231,0.12639713287354,0.12535500526428],"total_times":[0.39258313179016,0.39826321601868,0.40478610992432,0.39960980415344,0.40344476699829,0.39813923835754,0.39409065246582,0.39531183242798,0.39766430854797,0.40415811538696],"gpu_name":"Tesla K80","opt":{"gpu":0,"num_passes":10,"model_t7":"models\/resnet-50.t7","batch_size":16,"output_json":"outputs\/k80_cudnn5110\/283709.json","image_height":224,"image_width":224,"use_cudnn":1},"cudnn_version":5110,"backward_times":[0.27327394485474,0.27188611030579,0.27958106994629,0.27479696273804,0.2783088684082,0.27310109138489,0.26821279525757,0.27503395080566,0.27126717567444,0.27880311012268]}