{"forward_times":[0.16692614555359,0.18100214004517,0.1818208694458,0.18559908866882,0.18207216262817,0.18211698532104,0.18060517311096,0.18255591392517,0.18462204933167,0.17113399505615],"total_times":[0.51929712295532,0.52349209785461,0.52708983421326,0.53516125679016,0.52984809875488,0.53069806098938,0.52535533905029,0.52917098999023,0.53490900993347,0.52188587188721],"gpu_name":"Tesla K80","opt":{"gpu":0,"num_passes":10,"model_t7":"models\/vgg19.t7","batch_size":16,"output_json":"outputs\/k80_cudnn5110\/347246.json","image_height":224,"image_width":224,"use_cudnn":1},"cudnn_version":5110,"backward_times":[0.35237097740173,0.34248995780945,0.34526896476746,0.34956216812134,0.34777593612671,0.34858107566833,0.34475016593933,0.34661507606506,0.35028696060181,0.35075187683105]}