{"forward_times":[0.10360312461853,0.092872142791748,0.092901945114136,0.092880964279175,0.092951059341431,0.09294605255127,0.09282398223877,0.092864036560059,0.092905044555664,0.092942953109741],"total_times":[0.33459830284119,0.30968427658081,0.31004285812378,0.30965089797974,0.31004309654236,0.30975699424744,0.30966401100159,0.30972003936768,0.30973100662231,0.30984807014465],"gpu_name":"Tesla K80","opt":{"gpu":0,"num_passes":10,"model_t7":"models\/resnet-18.t7","batch_size":16,"output_json":"outputs\/k80_cudnn5110\/52663.json","image_height":224,"image_width":224,"use_cudnn":0},"cudnn_version":"none","backward_times":[0.23099517822266,0.21681213378906,0.21714091300964,0.21676993370056,0.21709203720093,0.21681094169617,0.21684002876282,0.21685600280762,0.21682596206665,0.21690511703491]}