{"forward_times":[0.19170808792114,0.20212602615356,0.19996500015259,0.19805502891541,0.19905304908752,0.20265603065491,0.19916605949402,0.20268702507019,0.19989490509033,0.19878602027893],"total_times":[0.68154811859131,0.68546795845032,0.68577408790588,0.68126010894775,0.68467712402344,0.69197607040405,0.6885929107666,0.69088292121887,0.68381977081299,0.6811728477478],"gpu_name":"Tesla K80","opt":{"gpu":0,"num_passes":10,"model_t7":"models\/resnet-101.t7","batch_size":16,"output_json":"outputs\/k80_cudnn5110\/561157.json","image_height":224,"image_width":224,"use_cudnn":1},"cudnn_version":5110,"backward_times":[0.48984003067017,0.48334193229675,0.4858090877533,0.48320508003235,0.48562407493591,0.48932003974915,0.48942685127258,0.48819589614868,0.48392486572266,0.48238682746887]}