{"forward_times":[0.13553404808044,0.12237596511841,0.1225860118866,0.1225471496582,0.12255001068115,0.12268400192261,0.12255787849426,0.12257099151611,0.12259411811829,0.12252998352051],"total_times":[0.40906810760498,0.39247298240662,0.39283108711243,0.39295101165771,0.39274311065674,0.39281105995178,0.39274978637695,0.39286518096924,0.39272522926331,0.39310193061829],"gpu_name":"Tesla K80","opt":{"gpu":0,"num_passes":10,"model_t7":"models\/googlenet-v1.t7","batch_size":16,"output_json":"outputs\/k80_cudnn5110\/567334.json","image_height":224,"image_width":224,"use_cudnn":0},"cudnn_version":"none","backward_times":[0.27353405952454,0.27009701728821,0.27024507522583,0.27040386199951,0.27019309997559,0.27012705802917,0.27019190788269,0.27029418945312,0.27013111114502,0.27057194709778]}