{"forward_times":[0.43746399879456,0.44108605384827,0.44109797477722,0.43838810920715,0.44143199920654,0.44258809089661,0.44239282608032,0.44666314125061,0.44337296485901,0.44466400146484],"total_times":[1.6573178768158,1.6654241085052,1.6613459587097,1.6625199317932,1.6676390171051,1.6657841205597,1.6657197475433,1.6705090999603,1.6712560653687,1.6697251796722],"gpu_name":"Tesla K80","opt":{"gpu":0,"num_passes":10,"model_t7":"models\/vgg19.t7","batch_size":16,"output_json":"outputs\/k80_cudnn5110\/570801.json","image_height":224,"image_width":224,"use_cudnn":0},"cudnn_version":"none","backward_times":[1.2198538780212,1.224338054657,1.2202479839325,1.2241318225861,1.2262070178986,1.2231960296631,1.223326921463,1.2238459587097,1.2278831005096,1.2250611782074]}