{"forward_times":[0.015944957733154,0.016139030456543,0.015949964523315,0.015956878662109,0.016018152236938,0.015899896621704,0.015904903411865,0.016057014465332,0.01595401763916,0.015980005264282],"total_times":[0.04773998260498,0.047836065292358,0.04774284362793,0.047502040863037,0.047521352767944,0.047416925430298,0.047492980957031,0.047604084014893,0.047685861587524,0.04751992225647],"gpu_name":"Tesla K80","opt":{"gpu":0,"num_passes":10,"model_t7":"models\/alexnet.t7","batch_size":16,"output_json":"outputs\/k80_cudnn5110\/586347.json","image_height":224,"image_width":224,"use_cudnn":1},"cudnn_version":5110,"backward_times":[0.031795024871826,0.031697034835815,0.031792879104614,0.031545162200928,0.031503200531006,0.031517028808594,0.031588077545166,0.031547069549561,0.031731843948364,0.031539916992188]}