{"forward_times":[0.37831497192383,0.38952302932739,0.38192200660706,0.38213992118835,0.39007592201233,0.39086699485779,0.38121891021729,0.38193106651306,0.38717913627625,0.3901698589325],"total_times":[1.2890439033508,1.2891180515289,1.2871379852295,1.2895739078522,1.291583776474,1.2909409999847,1.2867617607117,1.2921419143677,1.2884283065796,1.2915508747101],"gpu_name":"Tesla K80","opt":{"gpu":0,"num_passes":10,"model_t7":"models\/resnet-200.t7","batch_size":16,"output_json":"outputs\/k80_cudnn5110\/606287.json","image_height":224,"image_width":224,"use_cudnn":1},"cudnn_version":5110,"backward_times":[0.910728931427,0.89959502220154,0.90521597862244,0.90743398666382,0.90150785446167,0.90007400512695,0.90554285049438,0.91021084785461,0.90124917030334,0.90138101577759]}