{"forward_times":[0.27385592460632,0.28711199760437,0.28624701499939,0.28767609596252,0.28732800483704,0.28865718841553,0.28112101554871,0.27892088890076,0.28146505355835,0.28443479537964],"total_times":[0.98299312591553,0.98511385917664,0.97952079772949,0.9860851764679,0.98650813102722,0.98915910720825,0.97966599464417,0.98095178604126,0.98532915115356,0.98301577568054],"gpu_name":"Tesla K80","opt":{"gpu":0,"num_passes":10,"model_t7":"models\/resnet-152.t7","batch_size":16,"output_json":"outputs\/k80_cudnn5110\/659970.json","image_height":224,"image_width":224,"use_cudnn":1},"cudnn_version":5110,"backward_times":[0.7091372013092,0.69800186157227,0.6932737827301,0.69840908050537,0.69918012619019,0.70050191879272,0.69854497909546,0.7020308971405,0.70386409759521,0.6985809803009]}