{"forward_times":[0.037765026092529,0.037954092025757,0.037927865982056,0.037883043289185,0.037873983383179,0.037800073623657,0.037826776504517,0.037867069244385,0.03799295425415,0.037766218185425],"total_times":[0.11277413368225,0.11286807060242,0.11265397071838,0.11282801628113,0.11296105384827,0.11246705055237,0.11259484291077,0.11263203620911,0.11284708976746,0.11282014846802],"gpu_name":"Tesla K80","opt":{"gpu":0,"num_passes":10,"model_t7":"models\/resnet-18.t7","batch_size":16,"output_json":"outputs\/k80_cudnn5110\/733132.json","image_height":224,"image_width":224,"use_cudnn":1},"cudnn_version":5110,"backward_times":[0.075009107589722,0.07491397857666,0.074726104736328,0.074944972991943,0.075087070465088,0.074666976928711,0.07476806640625,0.074764966964722,0.074854135513306,0.075053930282593]}