{"forward_times":[0.64578795433044,0.64504504203796,0.64585208892822,0.64471101760864,0.64653611183167,0.6455249786377,0.64488291740417,0.64664793014526,0.64649701118469,0.64698910713196],"total_times":[1.8619978427887,1.8652200698853,1.8678410053253,1.8663971424103,1.8659191131592,1.8646700382233,1.8687608242035,1.8684189319611,1.8678259849548,1.8736212253571],"gpu_name":"Tesla K80","opt":{"gpu":0,"num_passes":10,"model_t7":"models\/resnet-152.t7","batch_size":16,"output_json":"outputs\/k80_cudnn5110\/737597.json","image_height":224,"image_width":224,"use_cudnn":0},"cudnn_version":"none","backward_times":[1.2162098884583,1.2201750278473,1.2219889163971,1.2216861248016,1.2193830013275,1.2191450595856,1.2238779067993,1.2217710018158,1.2213289737701,1.2266321182251]}