{"forward_times":[0.045973062515259,0.045072078704834,0.045307874679565,0.045545816421509,0.045359134674072,0.045242071151733,0.04571008682251,0.045458078384399,0.045372009277344,0.045250177383423],"total_times":[0.15845227241516,0.15647220611572,0.15633893013,0.15647077560425,0.15617513656616,0.15654516220093,0.15681195259094,0.15651297569275,0.15651893615723,0.1561381816864],"gpu_name":"Tesla K80","opt":{"gpu":0,"num_passes":10,"model_t7":"models\/googlenet-v1.t7","batch_size":16,"output_json":"outputs\/k80_cudnn5110\/752140.json","image_height":224,"image_width":224,"use_cudnn":1},"cudnn_version":5110,"backward_times":[0.1124792098999,0.11140012741089,0.11103105545044,0.11092495918274,0.11081600189209,0.11130309104919,0.11110186576843,0.11105489730835,0.11114692687988,0.11088800430298]}