{"forward_times":[0.18262696266174,0.18366098403931,0.18013215065002,0.18222904205322,0.18646812438965,0.18254899978638,0.1836678981781,0.18001508712769,0.18222093582153,0.18372392654419],"total_times":[0.55601191520691,0.55521607398987,0.55311608314514,0.55844902992249,0.55933618545532,0.55523300170898,0.55689191818237,0.55280303955078,0.55468106269836,0.55740094184875],"gpu_name":"Tesla K80","opt":{"gpu":0,"num_passes":10,"model_t7":"models\/resnet-34.t7","batch_size":16,"output_json":"outputs\/k80_cudnn5110\/774768.json","image_height":224,"image_width":224,"use_cudnn":0},"cudnn_version":"none","backward_times":[0.37338495254517,0.37155508995056,0.37298393249512,0.37621998786926,0.37286806106567,0.37268400192261,0.37322402000427,0.3727879524231,0.37246012687683,0.37367701530457]}