{"forward_times":[0.23735594749451,0.23690700531006,0.23774600028992,0.23750305175781,0.23752403259277,0.23724293708801,0.2375659942627,0.23771691322327,0.23715996742249,0.23759603500366],"total_times":[0.76709890365601,0.76501107215881,0.76744389533997,0.76751017570496,0.76647710800171,0.76786780357361,0.76972794532776,0.7692608833313,0.76696300506592,0.76868796348572],"gpu_name":"Tesla K80","opt":{"gpu":0,"num_passes":10,"model_t7":"models\/resnet-50.t7","batch_size":16,"output_json":"outputs\/k80_cudnn5110\/77876.json","image_height":224,"image_width":224,"use_cudnn":0},"cudnn_version":"none","backward_times":[0.5297429561615,0.52810406684875,0.52969789505005,0.53000712394714,0.52895307540894,0.5306248664856,0.53216195106506,0.53154397010803,0.52980303764343,0.53109192848206]}