{"forward_times":[0.14339518547058,0.1576988697052,0.15572285652161,0.15257906913757,0.15445303916931,0.15408492088318,0.15547108650208,0.15252685546875,0.1551730632782,0.15556311607361],"total_times":[0.43964719772339,0.45320773124695,0.45211172103882,0.45098805427551,0.44505405426025,0.45052695274353,0.4523491859436,0.4514377117157,0.44688987731934,0.45182514190674],"gpu_name":"Tesla K80","opt":{"gpu":0,"num_passes":10,"model_t7":"models\/vgg16.t7","batch_size":16,"output_json":"outputs\/k80_cudnn5110\/841555.json","image_height":224,"image_width":224,"use_cudnn":1},"cudnn_version":5110,"backward_times":[0.29625201225281,0.29550886154175,0.29638886451721,0.29840898513794,0.29060101509094,0.29644203186035,0.29687809944153,0.29891085624695,0.29171681404114,0.29626202583313]}