{"forward_times":[0.065011024475098,0.06442403793335,0.065140962600708,0.064872980117798,0.064256906509399,0.064213991165161,0.064956903457642,0.065170049667358,0.06485915184021,0.064982175827026],"total_times":[0.18915104866028,0.18792104721069,0.18967890739441,0.18974208831787,0.18769383430481,0.18768692016602,0.18962597846985,0.18980097770691,0.18948197364807,0.18952417373657],"gpu_name":"Tesla K80","opt":{"gpu":0,"num_passes":10,"model_t7":"models\/resnet-34.t7","batch_size":16,"output_json":"outputs\/k80_cudnn5110\/876845.json","image_height":224,"image_width":224,"use_cudnn":1},"cudnn_version":5110,"backward_times":[0.12414002418518,0.12349700927734,0.1245379447937,0.12486910820007,0.12343692779541,0.12347292900085,0.12466907501221,0.12463092803955,0.12462282180786,0.12454199790955]}