{"forward_times":[0.67632102966309,0.67610287666321,0.67594504356384,0.67499685287476,0.6748058795929,0.67761397361755,0.67546200752258,0.6766722202301,0.67546510696411,0.67623400688171],"total_times":[2.6120290756226,2.6094188690186,2.6098709106445,2.607528924942,2.6242508888245,2.6122150421143,2.6085648536682,2.610184431076,2.6122620105743,2.6284310817719],"gpu_name":"GRID K520","opt":{"gpu":0,"num_passes":10,"model_t7":"models\/vgg16.t7","batch_size":16,"output_json":"outputs\/k520_cudnn5110\/176104.json","image_height":224,"image_width":224,"use_cudnn":0},"cudnn_version":"none","backward_times":[1.9357080459595,1.9333159923553,1.9339258670807,1.9325320720673,1.9494450092316,1.9346010684967,1.9331028461456,1.9335122108459,1.9367969036102,1.9521970748901]}