{"forward_times":[0.17349886894226,0.17359519004822,0.17347097396851,0.17359089851379,0.17363500595093,0.17346405982971,0.17355608940125,0.17339205741882,0.173504114151,0.17354393005371],"total_times":[0.65835285186768,0.65897822380066,0.65856909751892,0.658607006073,0.65880298614502,0.65834403038025,0.658607006073,0.65821409225464,0.65843510627747,0.6585168838501],"gpu_name":"GRID K520","opt":{"gpu":0,"num_passes":10,"model_t7":"models\/googlenet-v1.t7","batch_size":16,"output_json":"outputs\/k520_cudnn5110\/284630.json","image_height":224,"image_width":224,"use_cudnn":0},"cudnn_version":"none","backward_times":[0.48485398292542,0.48538303375244,0.48509812355042,0.4850161075592,0.48516798019409,0.48487997055054,0.48505091667175,0.48482203483582,0.48493099212646,0.48497295379639]}