{"forward_times":[0.8273138999939,0.82612895965576,0.82698082923889,0.82649111747742,0.82494187355042,0.82625102996826,0.82809400558472,0.82706499099731,0.82835006713867,0.82682085037231],"total_times":[3.0994319915771,3.1152999401093,3.0968537330627,3.0948531627655,3.1183178424835,3.0984690189362,3.1026289463043,3.0965359210968,3.1028161048889,3.0981156826019],"gpu_name":"GRID K520","opt":{"gpu":0,"num_passes":10,"model_t7":"models\/vgg19.t7","batch_size":16,"output_json":"outputs\/k520_cudnn5110\/434674.json","image_height":224,"image_width":224,"use_cudnn":0},"cudnn_version":"none","backward_times":[2.2721180915833,2.2891709804535,2.2698729038239,2.2683620452881,2.2933759689331,2.2722179889679,2.2745349407196,2.2694709300995,2.2744660377502,2.2712948322296]}