{"forward_times":[0.06476902961731,0.065147161483765,0.064860820770264,0.064988851547241,0.064865112304688,0.065056085586548,0.064611911773682,0.064589977264404,0.064857959747314,0.064478158950806],"total_times":[0.20532298088074,0.20570921897888,0.2053906917572,0.20527791976929,0.20551896095276,0.2057158946991,0.20524191856384,0.20502185821533,0.20538997650146,0.20496201515198],"gpu_name":"GRID K520","opt":{"gpu":0,"num_passes":10,"model_t7":"models\/resnet-18.t7","batch_size":16,"output_json":"outputs\/k520_cudnn5110\/479649.json","image_height":224,"image_width":224,"use_cudnn":1},"cudnn_version":5110,"backward_times":[0.14055395126343,0.14056205749512,0.14052987098694,0.14028906822205,0.14065384864807,0.14065980911255,0.14063000679016,0.14043188095093,0.14053201675415,0.14048385620117]}