{"forward_times":[0.12953996658325,0.12951993942261,0.12950897216797,0.1295280456543,0.12946605682373,0.12947010993958,0.12953281402588,0.12956190109253,0.12961983680725,0.12951993942261],"total_times":[0.50224208831787,0.50243997573853,0.50643110275269,0.50658416748047,0.50604200363159,0.5061981678009,0.50225400924683,0.50632476806641,0.50645899772644,0.50223398208618],"gpu_name":"GRID K520","opt":{"gpu":0,"num_passes":10,"model_t7":"models\/resnet-18.t7","batch_size":16,"output_json":"outputs\/k520_cudnn5110\/547808.json","image_height":224,"image_width":224,"use_cudnn":0},"cudnn_version":"none","backward_times":[0.37270212173462,0.37292003631592,0.37692213058472,0.37705612182617,0.37657594680786,0.37672805786133,0.37272119522095,0.37676286697388,0.37683916091919,0.37271404266357]}