{"forward_times":[0.1117091178894,0.11213803291321,0.11190891265869,0.11181807518005,0.11190700531006,0.11197590827942,0.11253499984741,0.11187601089478,0.11234307289124,0.11220002174377],"total_times":[0.34301805496216,0.34273195266724,0.34290981292725,0.34287309646606,0.34298491477966,0.34304594993591,0.34339118003845,0.34271001815796,0.34312319755554,0.34383201599121],"gpu_name":"GRID K520","opt":{"gpu":0,"num_passes":10,"model_t7":"models\/resnet-34.t7","batch_size":16,"output_json":"outputs\/k520_cudnn5110\/784580.json","image_height":224,"image_width":224,"use_cudnn":1},"cudnn_version":5110,"backward_times":[0.23130893707275,0.23059391975403,0.23100090026855,0.23105502128601,0.2310779094696,0.23107004165649,0.23085618019104,0.23083400726318,0.23078012466431,0.23163199424744]}