{"forward_times":[0.08620285987854,0.085957050323486,0.086571931838989,0.086323022842407,0.086221933364868,0.086076021194458,0.086155891418457,0.086434125900269,0.086430072784424,0.086380958557129],"total_times":[0.31393504142761,0.31362318992615,0.31382989883423,0.31230998039246,0.3118040561676,0.31352186203003,0.31367897987366,0.31411528587341,0.31227707862854,0.31240677833557],"gpu_name":"GRID K520","opt":{"gpu":0,"num_passes":10,"model_t7":"models\/googlenet-v1.t7","batch_size":16,"output_json":"outputs\/k520_cudnn5110\/789005.json","image_height":224,"image_width":224,"use_cudnn":1},"cudnn_version":5110,"backward_times":[0.22773218154907,0.22766613960266,0.22725796699524,0.22598695755005,0.22558212280273,0.22744584083557,0.2275230884552,0.22768115997314,0.22584700584412,0.22602581977844]}