{"forward_times":[0.24165606498718,0.24173092842102,0.24162912368774,0.24166393280029,0.24174809455872,0.24169492721558,0.2416250705719,0.2416889667511,0.24159908294678,0.24172401428223],"total_times":[0.88287711143494,0.88918781280518,0.8895320892334,0.88978290557861,0.88944220542908,0.88939595222473,0.88312292098999,0.88316607475281,0.88957619667053,0.8900830745697],"gpu_name":"GRID K520","opt":{"gpu":0,"num_passes":10,"model_t7":"models\/resnet-34.t7","batch_size":16,"output_json":"outputs\/k520_cudnn5110\/948070.json","image_height":224,"image_width":224,"use_cudnn":0},"cudnn_version":"none","backward_times":[0.64122104644775,0.64745688438416,0.64790296554565,0.64811897277832,0.64769411087036,0.64770102500916,0.64149785041809,0.64147710800171,0.64797711372375,0.64835906028748]}