{"forward_times":[0.039953947067261,0.039876937866211,0.03971004486084,0.039675951004028,0.039873123168945,0.0397629737854,0.039566040039062,0.039793968200684,0.039741992950439,0.039759874343872],"total_times":[0.10644388198853,0.10636186599731,0.10617113113403,0.1060619354248,0.1064670085907,0.10645198822021,0.10602807998657,0.10642886161804,0.10625910758972,0.10613894462585],"gpu_name":"GRID K520","opt":{"gpu":0,"num_passes":10,"model_t7":"models\/alexnet.t7","batch_size":16,"output_json":"outputs\/k520_cudnn5110\/993892.json","image_height":224,"image_width":224,"use_cudnn":1},"cudnn_version":5110,"backward_times":[0.066489934921265,0.066484928131104,0.066461086273193,0.066385984420776,0.066593885421753,0.066689014434814,0.06646203994751,0.066634893417358,0.066517114639282,0.066379070281982]}