{"forward_times":[0.054263830184937,0.054295063018799,0.054277896881104,0.054229974746704,0.054215908050537,0.054244041442871,0.054250001907349,0.054255962371826,0.054265975952148,0.054317951202393],"total_times":[0.15341997146606,0.15346097946167,0.15340495109558,0.15333890914917,0.15338182449341,0.15336203575134,0.15340805053711,0.15347385406494,0.15337896347046,0.15349102020264],"gpu_name":"Tesla V100-SXM2-16GB","opt":{"gpu":0,"num_passes":10,"model_t7":"models\/resnet-200.t7","batch_size":4,"output_json":"v100_cudnn7004_batch4\/185323.json","image_height":224,"image_width":224,"use_cudnn":0},"cudnn_version":"none","backward_times":[0.099156141281128,0.099165916442871,0.099127054214478,0.099108934402466,0.099165916442871,0.099117994308472,0.099158048629761,0.099217891693115,0.099112987518311,0.099173069000244]}