{"forward_times":[0.022006988525391,0.021979093551636,0.021983861923218,0.021947860717773,0.022022008895874,0.021995067596436,0.021981000900269,0.021990060806274,0.022696018218994,0.022032976150513],"total_times":[0.098721027374268,0.098692178726196,0.098742961883545,0.098695039749146,0.098737001419067,0.098758220672607,0.09865403175354,0.098703145980835,0.099431037902832,0.098813056945801],"gpu_name":"Tesla V100-SXM2-16GB","opt":{"gpu":0,"num_passes":10,"model_t7":"models\/resnet-152.t7","batch_size":4,"output_json":"v100_cudnn7004_batch4\/188800.json","image_height":224,"image_width":224,"use_cudnn":1},"cudnn_version":7004,"backward_times":[0.076714038848877,0.076713085174561,0.076759099960327,0.076747179031372,0.076714992523193,0.076763153076172,0.076673030853271,0.076713085174561,0.076735019683838,0.076780080795288]}