{"forward_times":[0.0060460567474365,0.0059981346130371,0.0060439109802246,0.0060210227966309,0.0060510635375977,0.006026029586792,0.0060198307037354,0.0060210227966309,0.0060698986053467,0.006007194519043],"total_times":[0.016189098358154,0.016078948974609,0.016119003295898,0.016127109527588,0.016103029251099,0.016059160232544,0.016096830368042,0.016059875488281,0.016181945800781,0.01615834236145],"gpu_name":"Tesla V100-SXM2-16GB","opt":{"gpu":0,"num_passes":10,"model_t7":"models\/resnet-34.t7","batch_size":4,"output_json":"v100_cudnn7004_batch4\/192020.json","image_height":224,"image_width":224,"use_cudnn":1},"cudnn_version":7004,"backward_times":[0.010143041610718,0.010080814361572,0.010075092315674,0.010106086730957,0.010051965713501,0.010033130645752,0.010076999664307,0.01003885269165,0.010112047195435,0.010151147842407]}