{"forward_times":[0.0033929347991943,0.0034949779510498,0.0033998489379883,0.0033869743347168,0.0033888816833496,0.0033948421478271,0.0033819675445557,0.0034129619598389,0.0034120082855225,0.0033738613128662],"total_times":[0.009397029876709,0.0095169544219971,0.0094418525695801,0.0094549655914307,0.0093748569488525,0.009429931640625,0.0093739032745361,0.0094368457794189,0.0094468593597412,0.0094289779663086],"gpu_name":"Tesla V100-SXM2-16GB","opt":{"gpu":0,"num_passes":10,"model_t7":"models\/resnet-18.t7","batch_size":4,"output_json":"v100_cudnn7004_batch4\/235117.json","image_height":224,"image_width":224,"use_cudnn":1},"cudnn_version":7004,"backward_times":[0.0060040950775146,0.0060219764709473,0.0060420036315918,0.0060679912567139,0.0059859752655029,0.0060350894927979,0.0059919357299805,0.0060238838195801,0.0060348510742188,0.0060551166534424]}