{"forward_times":[0.027637004852295,0.027639150619507,0.02760910987854,0.027618885040283,0.027621030807495,0.027615070343018,0.027626991271973,0.027637004852295,0.027631044387817,0.027675151824951],"total_times":[0.11466097831726,0.11464405059814,0.11461210250854,0.11468386650085,0.11470484733582,0.11459898948669,0.11465883255005,0.11466789245605,0.11471199989319,0.11474418640137],"gpu_name":"Tesla V100-SXM2-16GB","opt":{"gpu":0,"num_passes":10,"model_t7":"models\/resnet-200.t7","batch_size":4,"output_json":"v100_cudnn7004_batch4\/260021.json","image_height":224,"image_width":224,"use_cudnn":1},"cudnn_version":7004,"backward_times":[0.087023973464966,0.087004899978638,0.087002992630005,0.087064981460571,0.08708381652832,0.086983919143677,0.087031841278076,0.08703088760376,0.087080955505371,0.087069034576416]}