{"forward_times":[0.0061988830566406,0.0058588981628418,0.005748987197876,0.0059399604797363,0.0058300495147705,0.0059089660644531,0.0061271190643311,0.0060880184173584,0.0061609745025635,0.0060689449310303],"total_times":[0.018623828887939,0.018001794815063,0.017868995666504,0.018225908279419,0.017971992492676,0.018158912658691,0.018330097198486,0.018405199050903,0.018622875213623,0.01839280128479],"gpu_name":"Tesla V100-SXM2-16GB","opt":{"gpu":0,"num_passes":10,"model_t7":"models\/googlenet-v1.t7","batch_size":4,"output_json":"v100_cudnn7004_batch4\/394190.json","image_height":224,"image_width":224,"use_cudnn":1},"cudnn_version":7004,"backward_times":[0.012424945831299,0.012142896652222,0.012120008468628,0.012285947799683,0.012141942977905,0.012249946594238,0.012202978134155,0.012317180633545,0.01246190071106,0.01232385635376]}