{"forward_times":[0.01508903503418,0.01507306098938,0.015082120895386,0.015068054199219,0.015079975128174,0.01507306098938,0.015083074569702,0.015083074569702,0.015088796615601,0.015068054199219],"total_times":[0.045279026031494,0.045229911804199,0.045262098312378,0.045216083526611,0.045201063156128,0.045256853103638,0.045283079147339,0.045270919799805,0.04524564743042,0.0451819896698],"gpu_name":"Tesla V100-SXM2-16GB","opt":{"gpu":0,"num_passes":10,"model_t7":"models\/resnet-50.t7","batch_size":4,"output_json":"v100_cudnn7004_batch4\/422624.json","image_height":224,"image_width":224,"use_cudnn":0},"cudnn_version":"none","backward_times":[0.030189990997314,0.030156850814819,0.030179977416992,0.030148029327393,0.030121088027954,0.030183792114258,0.030200004577637,0.030187845230103,0.030156850814819,0.030113935470581]}