{"forward_times":[0.041968822479248,0.041951894760132,0.041980981826782,0.041950941085815,0.041970014572144,0.041965961456299,0.041946887969971,0.04193115234375,0.041961908340454,0.041956901550293],"total_times":[0.1135938167572,0.11353778839111,0.1136360168457,0.11355996131897,0.11355304718018,0.11359000205994,0.11351084709167,0.11351823806763,0.11357712745667,0.11351585388184],"gpu_name":"Tesla V100-SXM2-16GB","opt":{"gpu":0,"num_passes":10,"model_t7":"models\/resnet-152.t7","batch_size":4,"output_json":"v100_cudnn7004_batch4\/537510.json","image_height":224,"image_width":224,"use_cudnn":0},"cudnn_version":"none","backward_times":[0.071624994277954,0.071585893630981,0.071655035018921,0.071609020233154,0.071583032608032,0.071624040603638,0.071563959121704,0.071587085723877,0.071615219116211,0.071558952331543]}