{"forward_times":[0.015450954437256,0.015455007553101,0.015461921691895,0.015460014343262,0.015480995178223,0.015438079833984,0.015453100204468,0.015450000762939,0.015456914901733,0.015447854995728],"total_times":[0.068727016448975,0.068719863891602,0.068711042404175,0.068763971328735,0.068723917007446,0.06870698928833,0.068696975708008,0.068740844726562,0.068757057189941,0.068719863891602],"gpu_name":"Tesla V100-SXM2-16GB","opt":{"gpu":0,"num_passes":10,"model_t7":"models\/resnet-101.t7","batch_size":4,"output_json":"v100_cudnn7004_batch4\/556252.json","image_height":224,"image_width":224,"use_cudnn":1},"cudnn_version":7004,"backward_times":[0.053276062011719,0.053264856338501,0.05324912071228,0.053303956985474,0.053242921829224,0.053268909454346,0.05324387550354,0.053290843963623,0.053300142288208,0.053272008895874]}