{"forward_times":[0.0018517971038818,0.001755952835083,0.0018079280853271,0.0017571449279785,0.0018000602722168,0.0018260478973389,0.0017750263214111,0.0017650127410889,0.0017690658569336,0.0017750263214111],"total_times":[0.0052328109741211,0.0051369667053223,0.0052118301391602,0.0051960945129395,0.0051760673522949,0.0052721500396729,0.0052440166473389,0.0052211284637451,0.0051498413085938,0.0051858425140381],"gpu_name":"Tesla V100-SXM2-16GB","opt":{"gpu":0,"num_passes":10,"model_t7":"models\/alexnet.t7","batch_size":4,"output_json":"v100_cudnn7004_batch4\/638815.json","image_height":224,"image_width":224,"use_cudnn":1},"cudnn_version":7004,"backward_times":[0.0033810138702393,0.0033810138702393,0.003403902053833,0.0034389495849609,0.0033760070800781,0.003446102142334,0.0034689903259277,0.0034561157226562,0.0033807754516602,0.003410816192627]}