{"forward_times":[0.018678188323975,0.018710136413574,0.018051147460938,0.01794695854187,0.017951965332031,0.017935991287231,0.017951011657715,0.017926931381226,0.017912149429321,0.017929077148438],"total_times":[0.059208154678345,0.058979034423828,0.057041168212891,0.056859016418457,0.05674409866333,0.056806802749634,0.05677604675293,0.056740760803223,0.056772232055664,0.056822061538696],"gpu_name":"Tesla V100-SXM2-16GB","opt":{"gpu":0,"num_passes":10,"model_t7":"models\/vgg16.t7","batch_size":4,"output_json":"v100_cudnn7004_batch4\/664948.json","image_height":224,"image_width":224,"use_cudnn":0},"cudnn_version":"none","backward_times":[0.04052996635437,0.040268898010254,0.038990020751953,0.038912057876587,0.038792133331299,0.038870811462402,0.038825035095215,0.038813829421997,0.038860082626343,0.038892984390259]}