{"forward_times":[0.028439044952393,0.028429985046387,0.028436183929443,0.02845311164856,0.028451204299927,0.028463125228882,0.028448104858398,0.028439044952393,0.028442144393921,0.028433084487915],"total_times":[0.078171014785767,0.07820200920105,0.07822322845459,0.078188180923462,0.078179359436035,0.078230142593384,0.078220129013062,0.078166007995605,0.078157186508179,0.078163862228394],"gpu_name":"Tesla V100-SXM2-16GB","opt":{"gpu":0,"num_passes":10,"model_t7":"models\/resnet-101.t7","batch_size":4,"output_json":"v100_cudnn7004_batch4\/665173.json","image_height":224,"image_width":224,"use_cudnn":0},"cudnn_version":"none","backward_times":[0.049731969833374,0.049772024154663,0.049787044525146,0.049735069274902,0.049728155136108,0.049767017364502,0.049772024154663,0.049726963043213,0.049715042114258,0.049730777740479]}