{"forward_times":[0.011840105056763,0.011825084686279,0.011855840682983,0.011841058731079,0.011831998825073,0.011855840682983,0.011833906173706,0.011856079101562,0.011826992034912,0.011845827102661],"total_times":[0.03116512298584,0.031090021133423,0.031123876571655,0.031108140945435,0.031108856201172,0.031114816665649,0.031137943267822,0.031126022338867,0.031102895736694,0.031129837036133],"gpu_name":"Tesla V100-SXM2-16GB","opt":{"gpu":0,"num_passes":10,"model_t7":"models\/resnet-34.t7","batch_size":4,"output_json":"v100_cudnn7004_batch4\/719972.json","image_height":224,"image_width":224,"use_cudnn":0},"cudnn_version":"none","backward_times":[0.019325017929077,0.019264936447144,0.019268035888672,0.019267082214355,0.019276857376099,0.019258975982666,0.019304037094116,0.019269943237305,0.019275903701782,0.019284009933472]}