{"forward_times":[0.0064198970794678,0.0064070224761963,0.0063960552215576,0.0064089298248291,0.0064120292663574,0.006411075592041,0.0064218044281006,0.0064141750335693,0.0064170360565186,0.0064148902893066],"total_times":[0.01797080039978,0.017944812774658,0.017899990081787,0.017914056777954,0.017925977706909,0.017920970916748,0.017931938171387,0.017925024032593,0.017967224121094,0.017966032028198],"gpu_name":"Tesla V100-SXM2-16GB","opt":{"gpu":0,"num_passes":10,"model_t7":"models\/resnet-18.t7","batch_size":4,"output_json":"v100_cudnn7004_batch4\/724228.json","image_height":224,"image_width":224,"use_cudnn":0},"cudnn_version":"none","backward_times":[0.011550903320312,0.011537790298462,0.011503934860229,0.011505126953125,0.011513948440552,0.011509895324707,0.011510133743286,0.011510848999023,0.011550188064575,0.011551141738892]}