{"forward_times":[0.01258397102356,0.012655019760132,0.011431932449341,0.011385202407837,0.011399030685425,0.011377096176147,0.01142692565918,0.011487007141113,0.011384963989258,0.011458158493042],"total_times":[0.033341884613037,0.0333571434021,0.030948877334595,0.030932188034058,0.030948162078857,0.030920028686523,0.030950784683228,0.030961036682129,0.030982971191406,0.030951023101807],"gpu_name":"Tesla V100-SXM2-16GB","opt":{"gpu":0,"num_passes":10,"model_t7":"models\/vgg16.t7","batch_size":4,"output_json":"v100_cudnn7004_batch4\/828761.json","image_height":224,"image_width":224,"use_cudnn":1},"cudnn_version":7004,"backward_times":[0.020757913589478,0.020702123641968,0.019516944885254,0.019546985626221,0.019549131393433,0.019542932510376,0.019523859024048,0.019474029541016,0.019598007202148,0.019492864608765]}