{"forward_times":[0.014640092849731,0.014624834060669,0.014636993408203,0.014636039733887,0.014630079269409,0.01463794708252,0.014623880386353,0.014636993408203,0.014632940292358,0.014642953872681],"total_times":[0.035161972045898,0.03516697883606,0.035163879394531,0.035229921340942,0.035365104675293,0.035157918930054,0.03517484664917,0.035197973251343,0.03514575958252,0.035171031951904],"gpu_name":"Tesla V100-SXM2-16GB","opt":{"gpu":0,"num_passes":10,"model_t7":"models\/googlenet-v1.t7","batch_size":4,"output_json":"v100_cudnn7004_batch4\/843494.json","image_height":224,"image_width":224,"use_cudnn":0},"cudnn_version":"none","backward_times":[0.020521879196167,0.020542144775391,0.020526885986328,0.020593881607056,0.020735025405884,0.020519971847534,0.020550966262817,0.02056097984314,0.020512819290161,0.020528078079224]}