{"forward_times":[0.0094280242919922,0.0086541175842285,0.0086791515350342,0.0086588859558105,0.0086729526519775,0.0086789131164551,0.0086550712585449,0.0086929798126221,0.0086410045623779,0.0086641311645508],"total_times":[0.037389993667603,0.035385131835938,0.035434007644653,0.035354852676392,0.035387992858887,0.035436868667603,0.035363912582397,0.035392045974731,0.035398006439209,0.035396099090576],"gpu_name":"Tesla V100-SXM2-16GB","opt":{"gpu":0,"num_passes":10,"model_t7":"models\/resnet-50.t7","batch_size":4,"output_json":"v100_cudnn7004_batch4\/871205.json","image_height":224,"image_width":224,"use_cudnn":1},"cudnn_version":7004,"backward_times":[0.02796196937561,0.026731014251709,0.026754856109619,0.026695966720581,0.026715040206909,0.026757955551147,0.026708841323853,0.026699066162109,0.026757001876831,0.026731967926025]}