{"forward_times":[0.023263931274414,0.02238392829895,0.022203922271729,0.022243022918701,0.022257089614868,0.022305965423584,0.022219896316528,0.022253036499023,0.022255897521973,0.022322177886963],"total_times":[0.07063102722168,0.068122863769531,0.067883014678955,0.067929983139038,0.067927122116089,0.06806492805481,0.067944765090942,0.06794285774231,0.067914009094238,0.068053245544434],"gpu_name":"Tesla V100-SXM2-16GB","opt":{"gpu":0,"num_passes":10,"model_t7":"models\/vgg19.t7","batch_size":4,"output_json":"v100_cudnn7004_batch4\/910592.json","image_height":224,"image_width":224,"use_cudnn":0},"cudnn_version":"none","backward_times":[0.047367095947266,0.045738935470581,0.045679092407227,0.045686960220337,0.045670032501221,0.045758962631226,0.045724868774414,0.045689821243286,0.045658111572266,0.045731067657471]}