{"forward_times":[0.015327215194702,0.014765024185181,0.013887166976929,0.0137779712677,0.013976812362671,0.013839960098267,0.013911962509155,0.01389217376709,0.013810873031616,0.013873815536499],"total_times":[0.039746046066284,0.037847995758057,0.036988973617554,0.036843061447144,0.037104845046997,0.03694486618042,0.037003040313721,0.037017107009888,0.036885976791382,0.03697395324707],"gpu_name":"Tesla V100-SXM2-16GB","opt":{"gpu":0,"num_passes":10,"model_t7":"models\/vgg19.t7","batch_size":4,"output_json":"v100_cudnn7004_batch4\/993942.json","image_height":224,"image_width":224,"use_cudnn":1},"cudnn_version":7004,"backward_times":[0.024418830871582,0.023082971572876,0.023101806640625,0.023065090179443,0.023128032684326,0.023104906082153,0.023091077804565,0.023124933242798,0.023075103759766,0.023100137710571]}