{"forward_times":[0.013282060623169,0.012387990951538,0.01237416267395,0.012365102767944,0.012389898300171,0.012368202209473,0.012358903884888,0.012382984161377,0.012376070022583,0.01233983039856],"total_times":[0.044570922851562,0.043232917785645,0.043357133865356,0.043329000473022,0.043251752853394,0.043254375457764,0.043340921401978,0.043267011642456,0.04331111907959,0.043285846710205],"gpu_name":"Tesla V100-SXM2-16GB","opt":{"gpu":0,"num_passes":10,"model_t7":"models\/resnet-50.t7","batch_size":8,"output_json":"v100_cudnn7004_batch8\/101405.json","image_height":224,"image_width":224,"use_cudnn":1},"cudnn_version":7004,"backward_times":[0.031288862228394,0.030844926834106,0.030982971191406,0.030963897705078,0.030861854553223,0.030886173248291,0.03098201751709,0.030884027481079,0.030935049057007,0.030946016311646]}