{"forward_times":[0.0022780895233154,0.0022749900817871,0.002249002456665,0.0022799968719482,0.0022480487823486,0.0022618770599365,0.0022919178009033,0.0022790431976318,0.0022709369659424,0.0022580623626709],"total_times":[0.0071852207183838,0.0072460174560547,0.0072271823883057,0.0072340965270996,0.0072381496429443,0.0072047710418701,0.0072557926177979,0.0072190761566162,0.0072159767150879,0.0072140693664551],"gpu_name":"Tesla V100-SXM2-16GB","opt":{"gpu":0,"num_passes":10,"model_t7":"models\/alexnet.t7","batch_size":8,"output_json":"v100_cudnn7004_batch8\/136642.json","image_height":224,"image_width":224,"use_cudnn":1},"cudnn_version":7004,"backward_times":[0.0049071311950684,0.0049710273742676,0.0049781799316406,0.0049540996551514,0.0049901008605957,0.0049428939819336,0.0049638748168945,0.0049400329589844,0.0049450397491455,0.0049560070037842]}