{"forward_times":[0.036046981811523,0.034348964691162,0.034497976303101,0.034402847290039,0.034382820129395,0.034482955932617,0.034358978271484,0.034391164779663,0.034383058547974,0.034399032592773],"total_times":[0.1158561706543,0.11038494110107,0.11061310768127,0.11052989959717,0.11048173904419,0.11053490638733,0.11038899421692,0.11021208763123,0.11047697067261,0.11038899421692],"gpu_name":"Tesla V100-SXM2-16GB","opt":{"gpu":0,"num_passes":10,"model_t7":"models\/vgg16.t7","batch_size":8,"output_json":"v100_cudnn7004_batch8\/199415.json","image_height":224,"image_width":224,"use_cudnn":0},"cudnn_version":"none","backward_times":[0.079809188842773,0.076035976409912,0.076115131378174,0.076127052307129,0.076098918914795,0.076051950454712,0.076030015945435,0.075820922851562,0.076093912124634,0.075989961624146]}