{"forward_times":[0.083067178726196,0.083079099655151,0.083082914352417,0.083106994628906,0.083059072494507,0.083002090454102,0.083055019378662,0.083104848861694,0.083063840866089,0.083059787750244],"total_times":[0.22415113449097,0.22413206100464,0.22415685653687,0.22412300109863,0.22404909133911,0.2240309715271,0.22408413887024,0.22416400909424,0.22412395477295,0.22408890724182],"gpu_name":"Tesla V100-SXM2-16GB","opt":{"gpu":0,"num_passes":10,"model_t7":"models\/resnet-152.t7","batch_size":8,"output_json":"v100_cudnn7004_batch8\/239589.json","image_height":224,"image_width":224,"use_cudnn":0},"cudnn_version":"none","backward_times":[0.14108395576477,0.14105296134949,0.14107394218445,0.14101600646973,0.1409900188446,0.141028881073,0.14102911949158,0.14105916023254,0.14106011390686,0.14102911949158]}