{"forward_times":[0.10761213302612,0.10760498046875,0.10765194892883,0.10760307312012,0.10765480995178,0.10768795013428,0.10755014419556,0.10757112503052,0.1075451374054,0.10755610466003],"total_times":[0.30310416221619,0.30317091941833,0.30317401885986,0.30310416221619,0.30312061309814,0.30312275886536,0.30297207832336,0.30294322967529,0.30288004875183,0.30290913581848],"gpu_name":"Tesla V100-SXM2-16GB","opt":{"gpu":0,"num_passes":10,"model_t7":"models\/resnet-200.t7","batch_size":8,"output_json":"v100_cudnn7004_batch8\/456486.json","image_height":224,"image_width":224,"use_cudnn":0},"cudnn_version":"none","backward_times":[0.19549202919006,0.19556593894958,0.19552206993103,0.19550108909607,0.19546580314636,0.19543480873108,0.19542193412781,0.19537210464478,0.19533491134644,0.19535303115845]}