{"forward_times":[0.022768974304199,0.021821022033691,0.021814107894897,0.021782875061035,0.021780967712402,0.021764993667603,0.021749019622803,0.021768093109131,0.02173900604248,0.021754026412964],"total_times":[0.061866998672485,0.060405015945435,0.06045126914978,0.060375690460205,0.060271024703979,0.060433864593506,0.060276031494141,0.060299158096313,0.060210227966309,0.060385942459106],"gpu_name":"Tesla V100-SXM2-16GB","opt":{"gpu":0,"num_passes":10,"model_t7":"models\/vgg19.t7","batch_size":8,"output_json":"v100_cudnn7004_batch8\/494495.json","image_height":224,"image_width":224,"use_cudnn":1},"cudnn_version":7004,"backward_times":[0.039098024368286,0.038583993911743,0.038637161254883,0.03859281539917,0.038490056991577,0.038668870925903,0.038527011871338,0.038531064987183,0.038471221923828,0.038631916046143]}