{"forward_times":[0.029245853424072,0.029236078262329,0.029178142547607,0.029228925704956,0.029249906539917,0.029226064682007,0.029253959655762,0.029208183288574,0.029259920120239,0.029332160949707],"total_times":[0.11572074890137,0.11557793617249,0.11555910110474,0.11569809913635,0.11562490463257,0.11565518379211,0.11564016342163,0.11563730239868,0.11572289466858,0.11569309234619],"gpu_name":"Tesla V100-SXM2-16GB","opt":{"gpu":0,"num_passes":10,"model_t7":"models\/resnet-152.t7","batch_size":8,"output_json":"v100_cudnn7004_batch8\/524644.json","image_height":224,"image_width":224,"use_cudnn":1},"cudnn_version":7004,"backward_times":[0.086474895477295,0.086341857910156,0.086380958557129,0.086469173431396,0.086374998092651,0.086429119110107,0.086386203765869,0.086429119110107,0.08646297454834,0.086360931396484]}