{"forward_times":[0.004551887512207,0.0045349597930908,0.0045349597930908,0.0045380592346191,0.0045619010925293,0.0045468807220459,0.0045418739318848,0.0045480728149414,0.0045318603515625,0.0045440196990967],"total_times":[0.013606786727905,0.013552904129028,0.013570070266724,0.013574123382568,0.013552904129028,0.013519763946533,0.013514757156372,0.013561248779297,0.013598680496216,0.013557195663452],"gpu_name":"Tesla V100-SXM2-16GB","opt":{"gpu":0,"num_passes":10,"model_t7":"models\/resnet-18.t7","batch_size":8,"output_json":"v100_cudnn7004_batch8\/584079.json","image_height":224,"image_width":224,"use_cudnn":1},"cudnn_version":7004,"backward_times":[0.0090548992156982,0.0090179443359375,0.0090351104736328,0.0090360641479492,0.008991003036499,0.0089728832244873,0.0089728832244873,0.0090131759643555,0.0090668201446533,0.0090131759643555]}