{"forward_times":[0.0064048767089844,0.0062859058380127,0.0062539577484131,0.0062921047210693,0.0062661170959473,0.0062081813812256,0.0062730312347412,0.0062110424041748,0.0062711238861084,0.0063431262969971],"total_times":[0.021013021469116,0.020943880081177,0.020895957946777,0.020989179611206,0.020899057388306,0.02086615562439,0.020850896835327,0.020814180374146,0.020886182785034,0.020990133285522],"gpu_name":"Tesla V100-SXM2-16GB","opt":{"gpu":0,"num_passes":10,"model_t7":"models\/googlenet-v1.t7","batch_size":8,"output_json":"v100_cudnn7004_batch8\/608614.json","image_height":224,"image_width":224,"use_cudnn":1},"cudnn_version":7004,"backward_times":[0.014608144760132,0.014657974243164,0.014642000198364,0.014697074890137,0.014632940292358,0.014657974243164,0.014577865600586,0.014603137969971,0.014615058898926,0.014647006988525]}