{"forward_times":[0.038141012191772,0.038135051727295,0.038140058517456,0.038180112838745,0.038166999816895,0.038191080093384,0.038144111633301,0.038219928741455,0.038170099258423,0.038174152374268],"total_times":[0.14609694480896,0.14605402946472,0.14608597755432,0.14613699913025,0.14611792564392,0.14618921279907,0.14613127708435,0.14617395401001,0.14612817764282,0.14618706703186],"gpu_name":"Tesla V100-SXM2-16GB","opt":{"gpu":0,"num_passes":10,"model_t7":"models\/resnet-200.t7","batch_size":8,"output_json":"v100_cudnn7004_batch8\/612267.json","image_height":224,"image_width":224,"use_cudnn":1},"cudnn_version":7004,"backward_times":[0.10795593261719,0.10791897773743,0.10794591903687,0.1079568862915,0.10795092582703,0.10799813270569,0.10798716545105,0.10795402526855,0.1079580783844,0.10801291465759]}