{"forward_times":[0.0079638957977295,0.0079469680786133,0.0079150199890137,0.0079460144042969,0.007918119430542,0.0079150199890137,0.0079188346862793,0.007889986038208,0.0079109668731689,0.007908821105957],"total_times":[0.022783994674683,0.022764921188354,0.022725105285645,0.022761106491089,0.022752285003662,0.022732019424438,0.022694826126099,0.022653818130493,0.022758007049561,0.022770881652832],"gpu_name":"Tesla V100-SXM2-16GB","opt":{"gpu":0,"num_passes":10,"model_t7":"models\/resnet-34.t7","batch_size":8,"output_json":"v100_cudnn7004_batch8\/767260.json","image_height":224,"image_width":224,"use_cudnn":1},"cudnn_version":7004,"backward_times":[0.014820098876953,0.014817953109741,0.014810085296631,0.014815092086792,0.01483416557312,0.014816999435425,0.014775991439819,0.014763832092285,0.014847040176392,0.014862060546875]}