{"forward_times":[0.042977094650269,0.042859077453613,0.043015003204346,0.042934894561768,0.042900085449219,0.042954206466675,0.042891979217529,0.042852163314819,0.042886972427368,0.042927980422974],"total_times":[0.13271522521973,0.13268494606018,0.13274002075195,0.1325478553772,0.13256597518921,0.13276934623718,0.13285493850708,0.13264298439026,0.13274097442627,0.1327919960022],"gpu_name":"Tesla V100-SXM2-16GB","opt":{"gpu":0,"num_passes":10,"model_t7":"models\/vgg19.t7","batch_size":8,"output_json":"v100_cudnn7004_batch8\/798846.json","image_height":224,"image_width":224,"use_cudnn":0},"cudnn_version":"none","backward_times":[0.089738130569458,0.089825868606567,0.089725017547607,0.08961296081543,0.08966588973999,0.089815139770508,0.089962959289551,0.089790821075439,0.089854001998901,0.089864015579224]}