{"forward_times":[0.02853798866272,0.028525114059448,0.028522968292236,0.028534889221191,0.028536081314087,0.028527975082397,0.028533935546875,0.028535127639771,0.028528928756714,0.028538942337036],"total_times":[0.068235874176025,0.068207979202271,0.068222999572754,0.068292856216431,0.06830906867981,0.068228006362915,0.068289995193481,0.068233251571655,0.068206071853638,0.068211793899536],"gpu_name":"Tesla V100-SXM2-16GB","opt":{"gpu":0,"num_passes":10,"model_t7":"models\/googlenet-v1.t7","batch_size":8,"output_json":"v100_cudnn7004_batch8\/843298.json","image_height":224,"image_width":224,"use_cudnn":0},"cudnn_version":"none","backward_times":[0.039697885513306,0.039682865142822,0.039700031280518,0.039757966995239,0.039772987365723,0.039700031280518,0.039756059646606,0.039698123931885,0.039677143096924,0.0396728515625]}