{"forward_times":[0.018975973129272,0.01811695098877,0.018110036849976,0.018145084381104,0.018124103546143,0.01813793182373,0.018182992935181,0.018115043640137,0.01810097694397,0.018105030059814],"total_times":[0.053775072097778,0.05121111869812,0.051179170608521,0.051131248474121,0.051268100738525,0.05113697052002,0.051223039627075,0.051181077957153,0.051162958145142,0.051126003265381],"gpu_name":"Tesla V100-SXM2-16GB","opt":{"gpu":0,"num_passes":10,"model_t7":"models\/vgg16.t7","batch_size":8,"output_json":"v100_cudnn7004_batch8\/856302.json","image_height":224,"image_width":224,"use_cudnn":1},"cudnn_version":7004,"backward_times":[0.034799098968506,0.033094167709351,0.033069133758545,0.032986164093018,0.033143997192383,0.032999038696289,0.033040046691895,0.033066034317017,0.033061981201172,0.033020973205566]}