{"forward_times":[0.023330926895142,0.023392200469971,0.023380994796753,0.023375034332275,0.023329973220825,0.023359060287476,0.023382902145386,0.023346900939941,0.023370027542114,0.023366928100586],"total_times":[0.061249971389771,0.061330318450928,0.061314105987549,0.061367988586426,0.061298131942749,0.061320066452026,0.061331987380981,0.061277866363525,0.061348915100098,0.061331987380981],"gpu_name":"Tesla V100-SXM2-16GB","opt":{"gpu":0,"num_passes":10,"model_t7":"models\/resnet-34.t7","batch_size":8,"output_json":"v100_cudnn7004_batch8\/914248.json","image_height":224,"image_width":224,"use_cudnn":0},"cudnn_version":"none","backward_times":[0.037919044494629,0.037938117980957,0.037933111190796,0.03799295425415,0.037968158721924,0.037961006164551,0.037949085235596,0.037930965423584,0.037978887557983,0.037965059280396]}