{"forward_times":[0.029868125915527,0.029879093170166,0.029860019683838,0.029865980148315,0.029881000518799,0.029885053634644,0.029868125915527,0.029868125915527,0.029857158660889,0.029869079589844],"total_times":[0.089197158813477,0.089242935180664,0.089146137237549,0.08917498588562,0.089216232299805,0.089221954345703,0.089209079742432,0.089172124862671,0.08922815322876,0.089207887649536],"gpu_name":"Tesla V100-SXM2-16GB","opt":{"gpu":0,"num_passes":10,"model_t7":"models\/resnet-50.t7","batch_size":8,"output_json":"v100_cudnn7004_batch8\/916247.json","image_height":224,"image_width":224,"use_cudnn":0},"cudnn_version":"none","backward_times":[0.059329032897949,0.059363842010498,0.059286117553711,0.059309005737305,0.059335231781006,0.05933690071106,0.059340953826904,0.059303998947144,0.059370994567871,0.059338808059692]}