{"forward_times":[0.012732028961182,0.01272177696228,0.012775182723999,0.012722969055176,0.012717008590698,0.012723207473755,0.012732028961182,0.012717962265015,0.012729167938232,0.012731075286865],"total_times":[0.03534197807312,0.035345792770386,0.035398244857788,0.035321950912476,0.035322904586792,0.035345315933228,0.035321950912476,0.035321950912476,0.035371065139771,0.035328149795532],"gpu_name":"Tesla V100-SXM2-16GB","opt":{"gpu":0,"num_passes":10,"model_t7":"models\/resnet-18.t7","batch_size":8,"output_json":"v100_cudnn7004_batch8\/929970.json","image_height":224,"image_width":224,"use_cudnn":0},"cudnn_version":"none","backward_times":[0.022609949111938,0.022624015808105,0.022623062133789,0.0225989818573,0.022605895996094,0.022622108459473,0.022589921951294,0.022603988647461,0.022641897201538,0.022597074508667]}