{"forward_times":[0.020619869232178,0.020546913146973,0.02054500579834,0.020581960678101,0.02060079574585,0.020558834075928,0.020572900772095,0.020586967468262,0.020539999008179,0.020579099655151],"total_times":[0.079922914505005,0.079814910888672,0.079789876937866,0.079905986785889,0.079834938049316,0.079832792282104,0.079830884933472,0.079830169677734,0.079867124557495,0.079906225204468],"gpu_name":"Tesla V100-SXM2-16GB","opt":{"gpu":0,"num_passes":10,"model_t7":"models\/resnet-101.t7","batch_size":8,"output_json":"v100_cudnn7004_batch8\/978469.json","image_height":224,"image_width":224,"use_cudnn":1},"cudnn_version":7004,"backward_times":[0.059303045272827,0.059267997741699,0.059244871139526,0.059324026107788,0.059234142303467,0.059273958206177,0.059257984161377,0.059243202209473,0.059327125549316,0.059327125549316]}