{"forward_times":[0.056411027908325,0.056421995162964,0.056414127349854,0.056380987167358,0.056394100189209,0.056436061859131,0.056416034698486,0.056430816650391,0.056409120559692,0.056416034698486],"total_times":[0.15436506271362,0.15440511703491,0.15442514419556,0.15432977676392,0.15435409545898,0.15447902679443,0.15434384346008,0.15437173843384,0.15433716773987,0.15432691574097],"gpu_name":"Tesla V100-SXM2-16GB","opt":{"gpu":0,"num_passes":10,"model_t7":"models\/resnet-101.t7","batch_size":8,"output_json":"v100_cudnn7004_batch8\/982003.json","image_height":224,"image_width":224,"use_cudnn":0},"cudnn_version":"none","backward_times":[0.097954034805298,0.097983121871948,0.098011016845703,0.097948789596558,0.097959995269775,0.098042964935303,0.097927808761597,0.097940921783447,0.097928047180176,0.09791088104248]}