{"forward_times":[0.076815128326416,0.077065944671631,0.076714992523193,0.076956987380981,0.076786994934082,0.076907873153687,0.076848983764648,0.076988935470581,0.076981067657471,0.077087879180908],"total_times":[0.22417306900024,0.22446084022522,0.22420716285706,0.22458291053772,0.2242419719696,0.22426295280457,0.22423195838928,0.22444200515747,0.22418713569641,0.22462892532349],"gpu_name":"GeForce GTX 1080","opt":{"gpu":0,"num_passes":10,"model_t7":"models\/resnet-101.t7","batch_size":16,"output_json":"outputs\/1080_cudnn5110\/172272.json","image_height":224,"image_width":224,"use_cudnn":1},"cudnn_version":5110,"backward_times":[0.14735794067383,0.14739489555359,0.14749217033386,0.14762592315674,0.14745497703552,0.14735507965088,0.14738297462463,0.14745306968689,0.14720606803894,0.14754104614258]}