{"forward_times":[0.0059769153594971,0.0059690475463867,0.0059771537780762,0.0059778690338135,0.0059609413146973,0.0059759616851807,0.0059618949890137,0.0059630870819092,0.005964994430542,0.005958080291748],"total_times":[0.019829988479614,0.019795179367065,0.019858121871948,0.019848823547363,0.019861936569214,0.019822120666504,0.019882678985596,0.019859075546265,0.019793033599854,0.019821166992188],"gpu_name":"GeForce GTX 1080","opt":{"gpu":0,"num_passes":10,"model_t7":"models\/alexnet.t7","batch_size":16,"output_json":"outputs\/1080_cudnn5110\/227391.json","image_height":224,"image_width":224,"use_cudnn":1},"cudnn_version":5110,"backward_times":[0.013853073120117,0.013826131820679,0.013880968093872,0.01387095451355,0.013900995254517,0.013846158981323,0.013920783996582,0.013895988464355,0.013828039169312,0.013863086700439]}