{"forward_times":[0.050184965133667,0.050251007080078,0.050343036651611,0.050218820571899,0.050158023834229,0.050230979919434,0.050222158432007,0.05022120475769,0.050242900848389,0.050277948379517],"total_times":[0.14851593971252,0.1486599445343,0.14896607398987,0.14860701560974,0.14885807037354,0.14833402633667,0.14840722084045,0.14861130714417,0.14876580238342,0.14876008033752],"gpu_name":"GeForce GTX 1080","opt":{"gpu":0,"num_passes":10,"model_t7":"models\/resnet-50.t7","batch_size":16,"output_json":"outputs\/1080_cudnn5110\/308603.json","image_height":224,"image_width":224,"use_cudnn":1},"cudnn_version":5110,"backward_times":[0.098330974578857,0.098408937454224,0.098623037338257,0.098388195037842,0.098700046539307,0.098103046417236,0.098185062408447,0.098390102386475,0.098522901535034,0.098482131958008]}