{"forward_times":[0.096208095550537,0.096252202987671,0.09633994102478,0.09628701210022,0.096223115921021,0.096334934234619,0.096238136291504,0.09624195098877,0.096313953399658,0.096261024475098],"total_times":[0.24599313735962,0.24599409103394,0.24606108665466,0.24617195129395,0.24604821205139,0.24619293212891,0.24591422080994,0.24600887298584,0.2461109161377,0.24592614173889],"gpu_name":"GeForce GTX 1080","opt":{"gpu":0,"num_passes":10,"model_t7":"models\/resnet-34.t7","batch_size":16,"output_json":"outputs\/1080_cudnn5110\/347957.json","image_height":224,"image_width":224,"use_cudnn":0},"cudnn_version":"none","backward_times":[0.14978504180908,0.14974188804626,0.14972114562988,0.14988493919373,0.14982509613037,0.14985799789429,0.14967608451843,0.14976692199707,0.14979696273804,0.14966511726379]}