{"forward_times":[0.055341005325317,0.055366039276123,0.055331945419312,0.055387020111084,0.055329084396362,0.055356025695801,0.055363178253174,0.055289030075073,0.055345058441162,0.055275917053223],"total_times":[0.14446020126343,0.14459705352783,0.14445281028748,0.14461803436279,0.14454913139343,0.14465308189392,0.14456295967102,0.14437794685364,0.14458084106445,0.14454507827759],"gpu_name":"GeForce GTX 1080","opt":{"gpu":0,"num_passes":10,"model_t7":"models\/resnet-18.t7","batch_size":16,"output_json":"outputs\/1080_cudnn5110\/444054.json","image_height":224,"image_width":224,"use_cudnn":0},"cudnn_version":"none","backward_times":[0.08911919593811,0.089231014251709,0.089120864868164,0.089231014251709,0.08922004699707,0.08929705619812,0.089199781417847,0.089088916778564,0.089235782623291,0.089269161224365]}