{"forward_times":[0.11825299263,0.11825013160706,0.11812090873718,0.11820316314697,0.11823701858521,0.11818695068359,0.11820697784424,0.11823487281799,0.11817598342896,0.11812806129456],"total_times":[0.34815502166748,0.34809112548828,0.34793376922607,0.34806323051453,0.34808492660522,0.34809589385986,0.34810709953308,0.34802579879761,0.34804511070251,0.34806394577026],"gpu_name":"GeForce GTX 1080","opt":{"gpu":0,"num_passes":10,"model_t7":"models\/resnet-50.t7","batch_size":16,"output_json":"outputs\/1080_cudnn5110\/459377.json","image_height":224,"image_width":224,"use_cudnn":0},"cudnn_version":"none","backward_times":[0.22990202903748,0.22984099388123,0.22981286048889,0.22986006736755,0.22984790802002,0.22990894317627,0.22990012168884,0.22979092597961,0.22986912727356,0.22993588447571]}