{"forward_times":[0.024287939071655,0.024381875991821,0.024350166320801,0.024335145950317,0.024269104003906,0.024291038513184,0.024267196655273,0.024289131164551,0.024339914321899,0.024286985397339],"total_times":[0.072103023529053,0.072252035140991,0.072234153747559,0.072191953659058,0.072121143341064,0.072186946868896,0.072140216827393,0.072118043899536,0.072243928909302,0.072109937667847],"gpu_name":"GeForce GTX 1080","opt":{"gpu":0,"num_passes":10,"model_t7":"models\/resnet-34.t7","batch_size":16,"output_json":"outputs\/1080_cudnn5110\/46566.json","image_height":224,"image_width":224,"use_cudnn":1},"cudnn_version":5110,"backward_times":[0.047815084457397,0.04787015914917,0.047883987426758,0.04785680770874,0.047852039337158,0.047895908355713,0.047873020172119,0.047828912734985,0.047904014587402,0.047822952270508]}