{"forward_times":[0.18996500968933,0.1899631023407,0.18992710113525,0.1899847984314,0.18997406959534,0.18995308876038,0.19003295898438,0.18996500968933,0.19093704223633,0.19098401069641],"total_times":[0.53621602058411,0.53642392158508,0.53643321990967,0.53657269477844,0.53646111488342,0.53635501861572,0.53649497032166,0.53719210624695,0.53913497924805,0.53928399085999],"gpu_name":"GeForce GTX 1080","opt":{"gpu":0,"num_passes":10,"model_t7":"models\/resnet-101.t7","batch_size":16,"output_json":"outputs\/1080_cudnn5110\/485635.json","image_height":224,"image_width":224,"use_cudnn":0},"cudnn_version":"none","backward_times":[0.34625101089478,0.34646081924438,0.34650611877441,0.34658789634705,0.34648704528809,0.34640192985535,0.34646201133728,0.34722709655762,0.34819793701172,0.34829998016357]}