{"forward_times":[0.069138050079346,0.069311141967773,0.069206953048706,0.069232940673828,0.069366931915283,0.069128036499023,0.06924295425415,0.069432020187378,0.069139003753662,0.0694739818573],"total_times":[0.21034789085388,0.21024227142334,0.20993685722351,0.20978975296021,0.21025395393372,0.20991802215576,0.20987987518311,0.2105700969696,0.20999097824097,0.21064805984497],"gpu_name":"GeForce GTX 1080","opt":{"gpu":0,"num_passes":10,"model_t7":"models\/vgg19.t7","batch_size":16,"output_json":"outputs\/1080_cudnn5110\/596616.json","image_height":224,"image_width":224,"use_cudnn":1},"cudnn_version":5110,"backward_times":[0.14120984077454,0.14093112945557,0.1407299041748,0.14055681228638,0.14088702201843,0.14078998565674,0.14063692092896,0.14113807678223,0.1408519744873,0.14117407798767]}