{"forward_times":[0.014529943466187,0.014458894729614,0.014494895935059,0.014472007751465,0.014512777328491,0.01445198059082,0.014518022537231,0.014440059661865,0.014461994171143,0.014441013336182],"total_times":[0.043845891952515,0.043785810470581,0.043787956237793,0.043849945068359,0.043871879577637,0.043781042098999,0.043901920318604,0.043813228607178,0.043879985809326,0.043790102005005],"gpu_name":"GeForce GTX 1080","opt":{"gpu":0,"num_passes":10,"model_t7":"models\/resnet-18.t7","batch_size":16,"output_json":"outputs\/1080_cudnn5110\/622043.json","image_height":224,"image_width":224,"use_cudnn":1},"cudnn_version":5110,"backward_times":[0.029315948486328,0.029326915740967,0.029293060302734,0.029377937316895,0.029359102249146,0.029329061508179,0.029383897781372,0.029373168945312,0.029417991638184,0.029349088668823]}