{"forward_times":[0.062870979309082,0.062966108322144,0.062902927398682,0.062936067581177,0.062953948974609,0.062774896621704,0.062847137451172,0.062908172607422,0.062994003295898,0.062942981719971],"total_times":[0.17283415794373,0.17299509048462,0.17290592193604,0.17294788360596,0.17298197746277,0.1728208065033,0.17289924621582,0.1728823184967,0.17296099662781,0.17296504974365],"gpu_name":"GeForce GTX 1080","opt":{"gpu":0,"num_passes":10,"model_t7":"models\/googlenet-v1.t7","batch_size":16,"output_json":"outputs\/1080_cudnn5110\/696504.json","image_height":224,"image_width":224,"use_cudnn":0},"cudnn_version":"none","backward_times":[0.10996317863464,0.11002898216248,0.11000299453735,0.11001181602478,0.11002802848816,0.11004590988159,0.11005210876465,0.10997414588928,0.10996699333191,0.11002206802368]}