{"forward_times":[0.17029404640198,0.17016696929932,0.17058897018433,0.17076206207275,0.17048406600952,0.17070698738098,0.170823097229,0.17107796669006,0.17130398750305,0.17059803009033],"total_times":[0.7002899646759,0.69889903068542,0.69881296157837,0.70023989677429,0.70012021064758,0.70197796821594,0.70157623291016,0.7012050151825,0.7021849155426,0.70139813423157],"gpu_name":"GeForce GTX 1080","opt":{"gpu":0,"num_passes":10,"model_t7":"models\/vgg19.t7","batch_size":16,"output_json":"outputs\/1080_cudnn5110\/725573.json","image_height":224,"image_width":224,"use_cudnn":0},"cudnn_version":"none","backward_times":[0.52999591827393,0.52873206138611,0.52822399139404,0.52947783470154,0.52963614463806,0.53127098083496,0.53075313568115,0.53012704849243,0.53088092803955,0.53080010414124]}