{"forward_times":[0.015821933746338,0.015766143798828,0.015793085098267,0.015815019607544,0.015776872634888,0.015784025192261,0.015786170959473,0.0157790184021,0.015816926956177,0.015757083892822],"total_times":[0.052031993865967,0.051815986633301,0.051855087280273,0.051739931106567,0.051645040512085,0.05182409286499,0.051725149154663,0.051690816879272,0.051760911941528,0.051716089248657],"gpu_name":"GeForce GTX 1080","opt":{"gpu":0,"num_passes":10,"model_t7":"models\/googlenet-v1.t7","batch_size":16,"output_json":"outputs\/1080_cudnn5110\/931709.json","image_height":224,"image_width":224,"use_cudnn":1},"cudnn_version":5110,"backward_times":[0.036210060119629,0.036049842834473,0.036062002182007,0.035924911499023,0.035868167877197,0.036040067672729,0.03593897819519,0.035911798477173,0.035943984985352,0.035959005355835]}