{"forward_times":[0.060348033905029,0.060295820236206,0.060211896896362,0.06023097038269,0.060226917266846,0.060263872146606,0.060249090194702,0.060321092605591,0.060165882110596,0.060338020324707],"total_times":[0.18349194526672,0.18366575241089,0.18316292762756,0.1832640171051,0.18326997756958,0.18360304832458,0.18312525749207,0.183030128479,0.18350076675415,0.18405795097351],"gpu_name":"GeForce GTX 1080","opt":{"gpu":0,"num_passes":10,"model_t7":"models\/vgg16.t7","batch_size":16,"output_json":"outputs\/1080_cudnn5110\/977121.json","image_height":224,"image_width":224,"use_cudnn":1},"cudnn_version":5110,"backward_times":[0.12314391136169,0.12336993217468,0.1229510307312,0.12303304672241,0.12304306030273,0.12333917617798,0.12287616729736,0.12270903587341,0.12333488464355,0.1237199306488]}