{"forward_times":[0.1429169178009,0.14210295677185,0.14200711250305,0.14241290092468,0.14275407791138,0.14187002182007,0.14261484146118,0.14242386817932,0.14199686050415,0.14257717132568],"total_times":[0.60104775428772,0.60127592086792,0.60139918327332,0.60040688514709,0.60230302810669,0.60087108612061,0.60070705413818,0.60200691223145,0.60152983665466,0.60100436210632],"gpu_name":"GeForce GTX 1080","opt":{"gpu":0,"num_passes":10,"model_t7":"models\/vgg16.t7","batch_size":16,"output_json":"outputs\/1080_cudnn5110\/988469.json","image_height":224,"image_width":224,"use_cudnn":0},"cudnn_version":"none","backward_times":[0.45813083648682,0.45917296409607,0.45939207077026,0.45799398422241,0.45954895019531,0.45900106430054,0.458092212677,0.45958304405212,0.45953297615051,0.45842719078064]}