{"forward_times":[0.17106008529663,0.17077207565308,0.16982197761536,0.17106199264526,0.17026710510254,0.17033386230469,0.16985106468201,0.1710159778595,0.17066597938538,0.1708710193634],"total_times":[0.71014404296875,0.70962119102478,0.70825886726379,0.70980501174927,0.7095091342926,0.71027374267578,0.70876407623291,0.71016693115234,0.70965981483459,0.71057796478271],"gpu_name":"Quadro P5000","opt":{"gpu":0,"num_passes":10,"model_t7":"models\/vgg19.t7","batch_size":16,"output_json":"outputs\/p5000_cudnn51\/151140.json","image_height":224,"image_width":224,"use_cudnn":0},"cudnn_version":"none","backward_times":[0.53908395767212,0.5388491153717,0.53843688964844,0.538743019104,0.53924202919006,0.53993988037109,0.5389130115509,0.53915095329285,0.53899383544922,0.53970694541931]}