{"forward_times":[0.067713022232056,0.067708015441895,0.067651987075806,0.067636966705322,0.067690849304199,0.067671060562134,0.067767858505249,0.067660093307495,0.067651033401489,0.067685127258301],"total_times":[0.20768308639526,0.20753312110901,0.20748496055603,0.20728492736816,0.2074658870697,0.20736193656921,0.20751190185547,0.20751929283142,0.20739102363586,0.20750308036804],"gpu_name":"Quadro P5000","opt":{"gpu":0,"num_passes":10,"model_t7":"models\/vgg19.t7","batch_size":16,"output_json":"outputs\/p5000_cudnn51\/194516.json","image_height":224,"image_width":224,"use_cudnn":1},"cudnn_version":5110,"backward_times":[0.13997006416321,0.13982510566711,0.13983297348022,0.13964796066284,0.1397750377655,0.13969087600708,0.13974404335022,0.13985919952393,0.13973999023438,0.13981795310974]}