{"forward_times":[0.099172830581665,0.09899115562439,0.099050045013428,0.099164009094238,0.099143028259277,0.099071979522705,0.099066972732544,0.099117994308472,0.09907603263855,0.09906792640686],"total_times":[0.24430799484253,0.24405717849731,0.24419689178467,0.24466609954834,0.2444109916687,0.24433302879333,0.24435806274414,0.24426507949829,0.24412107467651,0.24436473846436],"gpu_name":"Quadro P5000","opt":{"gpu":0,"num_passes":10,"model_t7":"models\/resnet-34.t7","batch_size":16,"output_json":"outputs\/p5000_cudnn51\/198132.json","image_height":224,"image_width":224,"use_cudnn":0},"cudnn_version":"none","backward_times":[0.14513516426086,0.14506602287292,0.14514684677124,0.1455020904541,0.14526796340942,0.14526104927063,0.1452910900116,0.14514708518982,0.14504504203796,0.1452968120575]}