{"forward_times":[0.058284997940063,0.058068037033081,0.058218955993652,0.058160066604614,0.058188915252686,0.058182001113892,0.058121919631958,0.058109045028687,0.058125019073486,0.058109998703003],"total_times":[0.18042016029358,0.18024802207947,0.18023490905762,0.18030095100403,0.18006682395935,0.18049693107605,0.18017387390137,0.18037295341492,0.18028903007507,0.18039298057556],"gpu_name":"Quadro P5000","opt":{"gpu":0,"num_passes":10,"model_t7":"models\/vgg16.t7","batch_size":16,"output_json":"outputs\/p5000_cudnn51\/221156.json","image_height":224,"image_width":224,"use_cudnn":1},"cudnn_version":5110,"backward_times":[0.12213516235352,0.12217998504639,0.12201595306396,0.12214088439941,0.12187790870667,0.12231492996216,0.12205195426941,0.12226390838623,0.12216401100159,0.12228298187256]}