{"forward_times":[0.1944420337677,0.19442796707153,0.19451904296875,0.19445490837097,0.19451713562012,0.19439601898193,0.1944420337677,0.19442296028137,0.19443297386169,0.19454097747803],"total_times":[0.53471708297729,0.53446102142334,0.53449392318726,0.5346999168396,0.53484106063843,0.53437399864197,0.53467082977295,0.53479385375977,0.53472280502319,0.5348539352417],"gpu_name":"Quadro P5000","opt":{"gpu":0,"num_passes":10,"model_t7":"models\/resnet-101.t7","batch_size":16,"output_json":"outputs\/p5000_cudnn51\/272862.json","image_height":224,"image_width":224,"use_cudnn":0},"cudnn_version":"none","backward_times":[0.34027504920959,0.34003305435181,0.33997488021851,0.34024500846863,0.34032392501831,0.33997797966003,0.34022879600525,0.34037089347839,0.3402898311615,0.34031295776367]}