{"forward_times":[0.014600038528442,0.014588117599487,0.014591932296753,0.014563083648682,0.014636993408203,0.01454496383667,0.01457405090332,0.014575004577637,0.014582872390747,0.014559030532837],"total_times":[0.044096946716309,0.044063091278076,0.044133901596069,0.044069051742554,0.044013023376465,0.044057846069336,0.044104099273682,0.04399299621582,0.044029951095581,0.044075012207031],"gpu_name":"Quadro P5000","opt":{"gpu":0,"num_passes":10,"model_t7":"models\/resnet-18.t7","batch_size":16,"output_json":"outputs\/p5000_cudnn51\/290341.json","image_height":224,"image_width":224,"use_cudnn":1},"cudnn_version":5110,"backward_times":[0.029496908187866,0.029474973678589,0.029541969299316,0.029505968093872,0.029376029968262,0.029512882232666,0.029530048370361,0.029417991638184,0.029447078704834,0.029515981674194]}