{"forward_times":[0.10632395744324,0.10644698143005,0.10632991790771,0.10636496543884,0.10609698295593,0.10630297660828,0.10632610321045,0.10603880882263,0.10621690750122,0.10619401931763],"total_times":[0.31114196777344,0.31136798858643,0.31130290031433,0.31127595901489,0.31102395057678,0.31121492385864,0.31114029884338,0.31057381629944,0.31108808517456,0.31112694740295],"gpu_name":"Quadro P5000","opt":{"gpu":0,"num_passes":10,"model_t7":"models\/resnet-152.t7","batch_size":16,"output_json":"outputs\/p5000_cudnn51\/331563.json","image_height":224,"image_width":224,"use_cudnn":1},"cudnn_version":5110,"backward_times":[0.2048180103302,0.20492100715637,0.20497298240662,0.20491099357605,0.20492696762085,0.20491194725037,0.20481419563293,0.20453500747681,0.20487117767334,0.20493292808533]}