{"forward_times":[0.0058960914611816,0.0058929920196533,0.0058948993682861,0.0059587955474854,0.0059530735015869,0.0059199333190918,0.0058691501617432,0.0059208869934082,0.0058670043945312,0.0058870315551758],"total_times":[0.019602060317993,0.019649028778076,0.019607782363892,0.019632816314697,0.01957893371582,0.019583940505981,0.019428968429565,0.019645929336548,0.019521951675415,0.019570112228394],"gpu_name":"Quadro P5000","opt":{"gpu":0,"num_passes":10,"model_t7":"models\/alexnet.t7","batch_size":16,"output_json":"outputs\/p5000_cudnn51\/445130.json","image_height":224,"image_width":224,"use_cudnn":1},"cudnn_version":5110,"backward_times":[0.013705968856812,0.013756036758423,0.013712882995605,0.013674020767212,0.013625860214233,0.01366400718689,0.013559818267822,0.01372504234314,0.013654947280884,0.013683080673218]}