{"forward_times":[0.12028408050537,0.12033486366272,0.12028193473816,0.12024211883545,0.12048101425171,0.12033581733704,0.12029600143433,0.12036395072937,0.12057709693909,0.12024402618408],"total_times":[0.34532713890076,0.34547972679138,0.34536695480347,0.3453631401062,0.34562802314758,0.34563589096069,0.34532380104065,0.34552693367004,0.34592413902283,0.34530591964722],"gpu_name":"Quadro P5000","opt":{"gpu":0,"num_passes":10,"model_t7":"models\/resnet-50.t7","batch_size":16,"output_json":"outputs\/p5000_cudnn51\/544590.json","image_height":224,"image_width":224,"use_cudnn":0},"cudnn_version":"none","backward_times":[0.22504305839539,0.22514486312866,0.22508502006531,0.22512102127075,0.22514700889587,0.22530007362366,0.22502779960632,0.22516298294067,0.22534704208374,0.22506189346313]}