{"forward_times":[0.27191805839539,0.2718608379364,0.27185201644897,0.27197194099426,0.2718620300293,0.27192687988281,0.2719419002533,0.27184891700745,0.27168297767639,0.27204084396362],"total_times":[0.74349999427795,0.74364495277405,0.7433660030365,0.74339485168457,0.74323511123657,0.74366974830627,0.74333381652832,0.74327492713928,0.74324202537537,0.74413800239563],"gpu_name":"Quadro P5000","opt":{"gpu":0,"num_passes":10,"model_t7":"models\/resnet-152.t7","batch_size":16,"output_json":"outputs\/p5000_cudnn51\/5528.json","image_height":224,"image_width":224,"use_cudnn":0},"cudnn_version":"none","backward_times":[0.47158193588257,0.47178411483765,0.47151398658752,0.47142291069031,0.47137308120728,0.47174286842346,0.47139191627502,0.47142601013184,0.47155904769897,0.47209715843201]}