{"forward_times":[0.067288160324097,0.067339897155762,0.067286968231201,0.067365169525146,0.067502021789551,0.067441940307617,0.067336797714233,0.067496776580811,0.067600011825562,0.067424058914185],"total_times":[0.17626333236694,0.17645883560181,0.1763710975647,0.17667317390442,0.17665791511536,0.17659282684326,0.17654871940613,0.17659378051758,0.17707300186157,0.17657208442688],"gpu_name":"Quadro P5000","opt":{"gpu":0,"num_passes":10,"model_t7":"models\/googlenet-v1.t7","batch_size":16,"output_json":"outputs\/p5000_cudnn51\/660788.json","image_height":224,"image_width":224,"use_cudnn":0},"cudnn_version":"none","backward_times":[0.10897517204285,0.10911893844604,0.1090841293335,0.10930800437927,0.10915589332581,0.10915088653564,0.10921192169189,0.10909700393677,0.10947299003601,0.1091480255127]}