{"forward_times":[0.056578874588013,0.056537866592407,0.056627988815308,0.056588888168335,0.056583166122437,0.056464910507202,0.056499004364014,0.056539058685303,0.056576013565063,0.056535005569458],"total_times":[0.14299082756042,0.14291095733643,0.14310789108276,0.14268088340759,0.14290904998779,0.14280700683594,0.14270305633545,0.14288091659546,0.14275598526001,0.14275407791138],"gpu_name":"Quadro P5000","opt":{"gpu":0,"num_passes":10,"model_t7":"models\/resnet-18.t7","batch_size":16,"output_json":"outputs\/p5000_cudnn51\/67172.json","image_height":224,"image_width":224,"use_cudnn":0},"cudnn_version":"none","backward_times":[0.086411952972412,0.086373090744019,0.086479902267456,0.086091995239258,0.086325883865356,0.086342096328735,0.086204051971436,0.086341857910156,0.086179971694946,0.086219072341919]}