{"forward_times":[0.016087055206299,0.016026020050049,0.016024827957153,0.016000032424927,0.016033172607422,0.016018867492676,0.016036987304688,0.016088008880615,0.01600193977356,0.016025066375732],"total_times":[0.052824974060059,0.052872896194458,0.052828788757324,0.052809953689575,0.052925109863281,0.052822828292847,0.052962064743042,0.052993059158325,0.052690029144287,0.052891969680786],"gpu_name":"Quadro P5000","opt":{"gpu":0,"num_passes":10,"model_t7":"models\/googlenet-v1.t7","batch_size":16,"output_json":"outputs\/p5000_cudnn51\/79580.json","image_height":224,"image_width":224,"use_cudnn":1},"cudnn_version":5110,"backward_times":[0.03673791885376,0.036846876144409,0.036803960800171,0.036809921264648,0.036891937255859,0.036803960800171,0.036925077438354,0.03690505027771,0.036688089370728,0.036866903305054]}