{"forward_times":[0.048733949661255,0.048815965652466,0.048886060714722,0.048814058303833,0.048724889755249,0.048748970031738,0.048737049102783,0.048719882965088,0.048772096633911,0.04877781867981],"total_times":[0.14738011360168,0.14748692512512,0.14770221710205,0.14740920066833,0.147381067276,0.14745712280273,0.14753103256226,0.1475088596344,0.14769625663757,0.14734888076782],"gpu_name":"Quadro P5000","opt":{"gpu":0,"num_passes":10,"model_t7":"models\/resnet-50.t7","batch_size":16,"output_json":"outputs\/p5000_cudnn51\/824989.json","image_height":224,"image_width":224,"use_cudnn":1},"cudnn_version":5110,"backward_times":[0.09864616394043,0.098670959472656,0.098816156387329,0.098595142364502,0.098656177520752,0.098708152770996,0.098793983459473,0.098788976669312,0.098924160003662,0.098571062088013]}