{"forward_times":[0.024559020996094,0.024585008621216,0.024590969085693,0.024533033370972,0.024618148803711,0.024547100067139,0.024545907974243,0.024564027786255,0.024571895599365,0.0245680809021],"total_times":[0.072532176971436,0.072626829147339,0.0727219581604,0.072554111480713,0.072612285614014,0.072566032409668,0.072520017623901,0.072735071182251,0.072678804397583,0.072570085525513],"gpu_name":"Quadro P5000","opt":{"gpu":0,"num_passes":10,"model_t7":"models\/resnet-34.t7","batch_size":16,"output_json":"outputs\/p5000_cudnn51\/87583.json","image_height":224,"image_width":224,"use_cudnn":1},"cudnn_version":5110,"backward_times":[0.047973155975342,0.048041820526123,0.048130989074707,0.048021078109741,0.047994136810303,0.048018932342529,0.047974109649658,0.048171043395996,0.048106908798218,0.048002004623413]}