{"forward_times":[0.075088024139404,0.075250148773193,0.075011014938354,0.07525897026062,0.075264930725098,0.075070858001709,0.075317859649658,0.075387954711914,0.07532787322998,0.075165033340454],"total_times":[0.22365593910217,0.22415709495544,0.22361397743225,0.22397685050964,0.2238941192627,0.22393178939819,0.22385692596436,0.22399806976318,0.22394371032715,0.22378706932068],"gpu_name":"Quadro P5000","opt":{"gpu":0,"num_passes":10,"model_t7":"models\/resnet-101.t7","batch_size":16,"output_json":"outputs\/p5000_cudnn51\/890215.json","image_height":224,"image_width":224,"use_cudnn":1},"cudnn_version":5110,"backward_times":[0.14856791496277,0.14890694618225,0.1486029624939,0.14871788024902,0.1486291885376,0.14886093139648,0.1485390663147,0.14861011505127,0.14861583709717,0.14862203598022]}