{"forward_times":[0.35001087188721,0.35036516189575,0.34998607635498,0.35035300254822,0.35043215751648,0.34998607635498,0.35015821456909,0.35025501251221,0.35009908676147,0.35025906562805],"total_times":[0.99112796783447,0.99188017845154,0.99114799499512,0.99166798591614,0.99211430549622,0.99063611030579,0.99180507659912,0.99096989631653,0.99141716957092,0.99230217933655],"gpu_name":"Quadro P5000","opt":{"gpu":0,"num_passes":10,"model_t7":"models\/resnet-200.t7","batch_size":16,"output_json":"outputs\/p5000_cudnn51\/969092.json","image_height":224,"image_width":224,"use_cudnn":0},"cudnn_version":"none","backward_times":[0.64111709594727,0.64151501655579,0.64116191864014,0.64131498336792,0.64168214797974,0.64065003395081,0.64164686203003,0.64071488380432,0.64131808280945,0.6420431137085]}