{"forward_times":[0.14688587188721,0.14684700965881,0.14656591415405,0.14663410186768,0.14678907394409,0.14679503440857,0.14669919013977,0.14705109596252,0.14668989181519,0.14688777923584],"total_times":[0.42222094535828,0.42226505279541,0.4218008518219,0.4219491481781,0.42205119132996,0.42239713668823,0.42205619812012,0.42249894142151,0.42218089103699,0.42201590538025],"gpu_name":"Quadro P5000","opt":{"gpu":0,"num_passes":10,"model_t7":"models\/resnet-200.t7","batch_size":16,"output_json":"outputs\/p5000_cudnn51\/972955.json","image_height":224,"image_width":224,"use_cudnn":1},"cudnn_version":5110,"backward_times":[0.27533507347107,0.2754180431366,0.27523493766785,0.27531504631042,0.27526211738586,0.27560210227966,0.27535700798035,0.27544784545898,0.2754909992218,0.27512812614441]}