{"forward_times":[0.1419780254364,0.14104104042053,0.14141416549683,0.14158296585083,0.14194107055664,0.1412661075592,0.14164209365845,0.14102911949158,0.14195013046265,0.14157199859619],"total_times":[0.60914397239685,0.60814905166626,0.60896611213684,0.60886812210083,0.60937714576721,0.60950517654419,0.60896015167236,0.60860705375671,0.60946106910706,0.60943484306335],"gpu_name":"Quadro P5000","opt":{"gpu":0,"num_passes":10,"model_t7":"models\/vgg16.t7","batch_size":16,"output_json":"outputs\/p5000_cudnn51\/973149.json","image_height":224,"image_width":224,"use_cudnn":0},"cudnn_version":"none","backward_times":[0.46716594696045,0.46710801124573,0.46755194664001,0.46728515625,0.46743607521057,0.46823906898499,0.46731805801392,0.46757793426514,0.46751093864441,0.46786284446716]}