{"forward_times":[0.044203996658325,0.044228076934814,0.044095993041992,0.044068813323975,0.044044017791748,0.04399299621582,0.043994903564453,0.044028043746948,0.044044017791748,0.044031143188477],"total_times":[0.13112092018127,0.13109517097473,0.13095808029175,0.1310248374939,0.13088011741638,0.13083815574646,0.1305468082428,0.13074612617493,0.13079309463501,0.13081526756287],"gpu_name":"Tesla M60","opt":{"gpu":0,"num_passes":10,"model_t7":"models\/resnet-34.t7","batch_size":16,"output_json":"outputs\/m60\/126041.json","image_height":224,"image_width":224,"use_cudnn":1},"cudnn_version":5110,"backward_times":[0.086916923522949,0.086867094039917,0.086862087249756,0.086956024169922,0.086836099624634,0.08684515953064,0.086551904678345,0.086718082427979,0.086749076843262,0.08678412437439]}