{"forward_times":[0.091222047805786,0.091268062591553,0.092285871505737,0.09253191947937,0.092222929000854,0.092168807983398,0.092028856277466,0.091624021530151,0.091775894165039,0.091781139373779],"total_times":[0.25952219963074,0.27966117858887,0.26214098930359,0.28234481811523,0.26130199432373,0.26121783256531,0.26121592521667,0.26056098937988,0.26084184646606,0.26129412651062],"gpu_name":"Tesla M60","opt":{"gpu":0,"num_passes":10,"model_t7":"models\/resnet-50.t7","batch_size":16,"output_json":"outputs\/m60\/127668.json","image_height":224,"image_width":224,"use_cudnn":1},"cudnn_version":5110,"backward_times":[0.16830015182495,0.18839311599731,0.16985511779785,0.18981289863586,0.16907906532288,0.16904902458191,0.16918706893921,0.16893696784973,0.16906595230103,0.16951298713684]}