{"forward_times":[0.010794878005981,0.010862112045288,0.01080584526062,0.010787963867188,0.010781049728394,0.010816097259521,0.01075005531311,0.010780096054077,0.010765075683594,0.010761976242065],"total_times":[0.035316944122314,0.035328149795532,0.035344839096069,0.035281896591187,0.035259962081909,0.035308122634888,0.035151958465576,0.035729169845581,0.035215139389038,0.035221099853516],"gpu_name":"Tesla M60","opt":{"gpu":0,"num_passes":10,"model_t7":"models\/alexnet.t7","batch_size":16,"output_json":"outputs\/m60\/141756.json","image_height":224,"image_width":224,"use_cudnn":1},"cudnn_version":5110,"backward_times":[0.024522066116333,0.024466037750244,0.024538993835449,0.024493932723999,0.024478912353516,0.024492025375366,0.024401903152466,0.024949073791504,0.024450063705444,0.02445912361145]}