{"forward_times":[0.025925874710083,0.026221990585327,0.025893926620483,0.025714159011841,0.025739192962646,0.025756120681763,0.025737047195435,0.025974035263062,0.025997161865234,0.025976896286011],"total_times":[0.078729867935181,0.079133033752441,0.078568935394287,0.078228235244751,0.07816219329834,0.078296184539795,0.078510046005249,0.07896900177002,0.079143285751343,0.078913927078247],"gpu_name":"Tesla M60","opt":{"gpu":0,"num_passes":10,"model_t7":"models\/resnet-18.t7","batch_size":16,"output_json":"outputs\/m60\/150741.json","image_height":224,"image_width":224,"use_cudnn":1},"cudnn_version":5110,"backward_times":[0.052803993225098,0.052911043167114,0.052675008773804,0.05251407623291,0.052423000335693,0.052540063858032,0.052772998809814,0.052994966506958,0.053146123886108,0.052937030792236]}