{"forward_times":[0.43460488319397,0.43385291099548,0.43125915527344,0.43504500389099,0.43426609039307,0.43377685546875,0.43449592590332,0.43443393707275,0.43345999717712,0.43075799942017],"total_times":[1.2524170875549,1.216344833374,1.2492432594299,1.2541019916534,1.2520000934601,1.211797952652,1.2529847621918,1.250638961792,1.2484118938446,1.2451400756836],"gpu_name":"Tesla M60","opt":{"gpu":0,"num_passes":10,"model_t7":"models\/resnet-152.t7","batch_size":16,"output_json":"outputs\/m60\/15428.json","image_height":224,"image_width":224,"use_cudnn":0},"cudnn_version":"none","backward_times":[0.81781220436096,0.78249192237854,0.81798410415649,0.81905698776245,0.81773400306702,0.77802109718323,0.81848883628845,0.81620502471924,0.81495189666748,0.81438207626343]}