{"forward_times":[0.14308404922485,0.14304113388062,0.14219999313354,0.14221215248108,0.1420521736145,0.1426088809967,0.1419358253479,0.14206194877625,0.14358878135681,0.14345097541809],"total_times":[0.39903521537781,0.39850997924805,0.39757394790649,0.39820122718811,0.39711618423462,0.41683483123779,0.39578986167908,0.39768695831299,0.39984178543091,0.39981198310852],"gpu_name":"Tesla M60","opt":{"gpu":0,"num_passes":10,"model_t7":"models\/resnet-101.t7","batch_size":16,"output_json":"outputs\/m60\/239070.json","image_height":224,"image_width":224,"use_cudnn":1},"cudnn_version":5110,"backward_times":[0.25595116615295,0.25546884536743,0.25537395477295,0.25598907470703,0.25506401062012,0.27422595024109,0.25385403633118,0.25562500953674,0.2562530040741,0.25636100769043]}