{"forward_times":[0.12356209754944,0.13398194313049,0.12610507011414,0.14208602905273,0.13358688354492,0.12426209449768,0.13365697860718,0.090516090393066,0.12339282035828,0.12493991851807],"total_times":[0.37987303733826,0.40194082260132,0.39938807487488,0.43997120857239,0.4113609790802,0.42311310768127,0.39919018745422,0.36270809173584,0.40801382064819,0.40356206893921],"gpu_name":"Tesla M60","opt":{"gpu":0,"num_passes":10,"model_t7":"models\/vgg19.t7","batch_size":16,"output_json":"outputs\/m60\/271.json","image_height":224,"image_width":224,"use_cudnn":1},"cudnn_version":5110,"backward_times":[0.25631093978882,0.26795887947083,0.27328300476074,0.29788517951965,0.27777409553528,0.29885101318359,0.26553320884705,0.27219200134277,0.28462100028992,0.27862215042114]}