{"forward_times":[0.029470920562744,0.0295090675354,0.029458045959473,0.029474973678589,0.029496908187866,0.029469013214111,0.029437065124512,0.029449939727783,0.0293869972229,0.029436111450195],"total_times":[0.093164920806885,0.093311071395874,0.093142032623291,0.093181848526001,0.093258857727051,0.09307599067688,0.093048095703125,0.092875957489014,0.092836856842041,0.092866182327271],"gpu_name":"Tesla M60","opt":{"gpu":0,"num_passes":10,"model_t7":"models\/googlenet-v1.t7","batch_size":16,"output_json":"outputs\/m60\/344713.json","image_height":224,"image_width":224,"use_cudnn":1},"cudnn_version":5110,"backward_times":[0.063694000244141,0.063802003860474,0.063683986663818,0.063706874847412,0.063761949539185,0.063606977462769,0.063611030578613,0.06342601776123,0.063449859619141,0.063430070877075]}