{"forward_times":[0.20121192932129,0.20134401321411,0.20015001296997,0.20122098922729,0.20098996162415,0.20024800300598,0.20079803466797,0.20111393928528,0.2010931968689,0.20010614395142],"total_times":[0.57930278778076,0.51933002471924,0.57227301597595,0.55552291870117,0.5548689365387,0.58314609527588,0.58154702186584,0.55419087409973,0.55249309539795,0.55158424377441],"gpu_name":"Tesla M60","opt":{"gpu":0,"num_passes":10,"model_t7":"models\/resnet-152.t7","batch_size":16,"output_json":"outputs\/m60\/357134.json","image_height":224,"image_width":224,"use_cudnn":1},"cudnn_version":5110,"backward_times":[0.37809085845947,0.31798601150513,0.37212300300598,0.35430192947388,0.35387897491455,0.3828980922699,0.38074898719788,0.35307693481445,0.35139989852905,0.351478099823]}