{"forward_times":[0.12760090827942,0.096870899200439,0.088846921920776,0.088890075683594,0.088845014572144,0.088803052902222,0.088743925094604,0.088580131530762,0.088558197021484,0.088545083999634],"total_times":[0.30183982849121,0.26017785072327,0.22955679893494,0.23017120361328,0.22947478294373,0.22940111160278,0.22915196418762,0.22867321968079,0.22839212417603,0.22810912132263],"gpu_name":"Tesla M60","opt":{"gpu":0,"num_passes":10,"model_t7":"models\/resnet-18.t7","batch_size":16,"output_json":"outputs\/m60\/446645.json","image_height":224,"image_width":224,"use_cudnn":0},"cudnn_version":"none","backward_times":[0.17423892021179,0.16330695152283,0.14070987701416,0.14128112792969,0.14062976837158,0.14059805870056,0.14040803909302,0.14009308815002,0.13983392715454,0.139564037323]}