{"forward_times":[0.31054282188416,0.30965995788574,0.30927610397339,0.2735550403595,0.30993103981018,0.30931687355042,0.30915904045105,0.30888199806213,0.30722093582153,0.3105001449585],"total_times":[0.89722490310669,0.89573383331299,0.89438199996948,0.85465812683105,0.89580106735229,0.89342474937439,0.89328908920288,0.89317297935486,0.88971900939941,0.89735126495361],"gpu_name":"Tesla M60","opt":{"gpu":0,"num_passes":10,"model_t7":"models\/resnet-101.t7","batch_size":16,"output_json":"outputs\/m60\/575647.json","image_height":224,"image_width":224,"use_cudnn":0},"cudnn_version":"none","backward_times":[0.58668208122253,0.58607387542725,0.58510589599609,0.58110308647156,0.58587002754211,0.58410787582397,0.58413004875183,0.58429098129272,0.58249807357788,0.58685111999512]}