{"forward_times":[0.15865182876587,0.19272708892822,0.19452309608459,0.19437694549561,0.19403791427612,0.19393706321716,0.19372892379761,0.19253611564636,0.1930570602417,0.19443893432617],"total_times":[0.53345084190369,0.57067203521729,0.57262706756592,0.57184791564941,0.57088208198547,0.57026505470276,0.56949782371521,0.56617307662964,0.57065796852112,0.57211995124817],"gpu_name":"Tesla M60","opt":{"gpu":0,"num_passes":10,"model_t7":"models\/resnet-50.t7","batch_size":16,"output_json":"outputs\/m60\/583649.json","image_height":224,"image_width":224,"use_cudnn":0},"cudnn_version":"none","backward_times":[0.37479901313782,0.37794494628906,0.37810397148132,0.37747097015381,0.37684416770935,0.3763279914856,0.3757688999176,0.37363696098328,0.37760090827942,0.377681016922]}