{"forward_times":[0.10927391052246,0.10873794555664,0.1085000038147,0.10867786407471,0.07395601272583,0.10800194740295,0.10844588279724,0.10901999473572,0.10911297798157,0.10897397994995],"total_times":[0.29204893112183,0.29069304466248,0.290452003479,0.29061794281006,0.25441193580627,0.28867197036743,0.29077696800232,0.29146790504456,0.29162096977234,0.29149889945984],"gpu_name":"Tesla M60","opt":{"gpu":0,"num_passes":10,"model_t7":"models\/googlenet-v1.t7","batch_size":16,"output_json":"outputs\/m60\/667510.json","image_height":224,"image_width":224,"use_cudnn":0},"cudnn_version":"none","backward_times":[0.18277502059937,0.18195509910583,0.18195199966431,0.18194007873535,0.18045592308044,0.18067002296448,0.18233108520508,0.18244791030884,0.18250799179077,0.18252491950989]}