{"forward_times":[0.28552103042603,0.27172899246216,0.24981808662415,0.27244091033936,0.27111506462097,0.27091884613037,0.26995086669922,0.270663022995,0.27087903022766,0.29404401779175],"total_times":[1.0252461433411,1.0284769535065,0.98673105239868,1.0465519428253,1.0428650379181,1.0424919128418,0.97515201568604,1.0453069210052,1.0097382068634,1.0309641361237],"gpu_name":"Tesla M60","opt":{"gpu":0,"num_passes":10,"model_t7":"models\/vgg16.t7","batch_size":16,"output_json":"outputs\/m60\/766750.json","image_height":224,"image_width":224,"use_cudnn":0},"cudnn_version":"none","backward_times":[0.73972511291504,0.75674796104431,0.73691296577454,0.77411103248596,0.77174997329712,0.77157306671143,0.70520114898682,0.77464389801025,0.73885917663574,0.73692011833191]}