{"forward_times":[0.10516405105591,0.10490798950195,0.1056649684906,0.11595416069031,0.10472416877747,0.11611795425415,0.082056045532227,0.11758708953857,0.10508322715759,0.11681389808655],"total_times":[0.34601306915283,0.3291277885437,0.34395480155945,0.34888601303101,0.32708120346069,0.35367202758789,0.31836605072021,0.35394525527954,0.32813310623169,0.35909199714661],"gpu_name":"Tesla M60","opt":{"gpu":0,"num_passes":10,"model_t7":"models\/vgg16.t7","batch_size":16,"output_json":"outputs\/m60\/784262.json","image_height":224,"image_width":224,"use_cudnn":1},"cudnn_version":5110,"backward_times":[0.24084901809692,0.22421979904175,0.23828983306885,0.2329318523407,0.22235703468323,0.23755407333374,0.23631000518799,0.23635816574097,0.2230498790741,0.24227809906006]}