{"forward_times":[0.32160997390747,0.35772395133972,0.32432508468628,0.31841397285461,0.32655692100525,0.32493996620178,0.32437586784363,0.33891201019287,0.324373960495,0.31502199172974],"total_times":[1.2207138538361,1.2303099632263,1.2100470066071,1.2201459407806,1.2131967544556,1.2076489925385,1.129246711731,1.2275419235229,1.2077810764313,1.1990361213684],"gpu_name":"Tesla M60","opt":{"gpu":0,"num_passes":10,"model_t7":"models\/vgg19.t7","batch_size":16,"output_json":"outputs\/m60\/936355.json","image_height":224,"image_width":224,"use_cudnn":0},"cudnn_version":"none","backward_times":[0.89910387992859,0.8725860118866,0.88572192192078,0.90173196792603,0.88663983345032,0.88270902633667,0.80487084388733,0.88862991333008,0.88340711593628,0.88401412963867]}