{"forward_times":[0.15436887741089,0.15435791015625,0.15321493148804,0.15311884880066,0.15443205833435,0.15476298332214,0.15461301803589,0.15468096733093,0.15462708473206,0.15457606315613],"total_times":[0.39841985702515,0.3976879119873,0.3946418762207,0.39402675628662,0.39706707000732,0.39799284934998,0.3981020450592,0.39835500717163,0.39871501922607,0.39860415458679],"gpu_name":"Tesla M60","opt":{"gpu":0,"num_passes":10,"model_t7":"models\/resnet-34.t7","batch_size":16,"output_json":"outputs\/m60\/938470.json","image_height":224,"image_width":224,"use_cudnn":0},"cudnn_version":"none","backward_times":[0.24405097961426,0.24333000183105,0.24142694473267,0.24090790748596,0.24263501167297,0.24322986602783,0.24348902702332,0.2436740398407,0.24408793449402,0.24402809143066]}