{"forward_times":[0.72013711929321,0.72001504898071,0.71988391876221,0.72020602226257,0.7199079990387,0.72032690048218,0.72106695175171,0.71952819824219,0.72111415863037,0.72018790245056],"total_times":[2.0385901927948,2.0367870330811,2.0374698638916,2.0377759933472,2.0367980003357,2.0372259616852,2.0380139350891,2.038045167923,2.0386831760406,2.0378587245941],"gpu_name":"c4.4xlarge","opt":{"gpu":-1,"num_passes":10,"model_t7":"models\/resnet-34.t7","batch_size":16,"output_json":"outputs\/c4x4\/107630.json","image_height":224,"image_width":224,"use_cudnn":0},"cudnn_version":"none","backward_times":[1.3184530735016,1.3167719841003,1.3175859451294,1.3175699710846,1.316890001297,1.316899061203,1.3169469833374,1.3185169696808,1.3175690174103,1.3176708221436]}