{"forward_times":[5.2990608215332,5.2994680404663,5.3012681007385,5.2964329719543,5.297614812851,5.2993791103363,5.2961661815643,5.2961640357971,5.2973690032959,5.3022649288177],"total_times":[14.965966701508,14.970806837082,14.972521066666,14.964253902435,14.963858604431,14.967684268951,14.960644245148,14.963329076767,14.965945959091,14.971431732178],"gpu_name":"c4.4xlarge","opt":{"gpu":-1,"num_passes":10,"model_t7":"models\/resnet-200.t7","batch_size":16,"output_json":"outputs\/c4x4\/111904.json","image_height":224,"image_width":224,"use_cudnn":0},"cudnn_version":"none","backward_times":[9.6669058799744,9.6713387966156,9.6712529659271,9.667820930481,9.6662437915802,9.6683051586151,9.6644780635834,9.6671650409698,9.6685769557953,9.66916680336]}