{"forward_times":[1.5690221786499,1.5697100162506,1.5700159072876,1.5692660808563,1.568767786026,1.5697169303894,1.5693278312683,1.5699498653412,1.5699081420898,1.5687379837036],"total_times":[3.4670851230621,3.4688889980316,3.4724218845367,3.4694120883942,3.4669888019562,3.4698181152344,3.4674978256226,3.4681398868561,3.5201373100281,3.4668037891388],"gpu_name":"cpu","opt":{"gpu":-1,"num_passes":10,"model_t7":"models\/googlenet-v1.t7","batch_size":16,"output_json":"outputs\/c4x4\/148908.json","image_height":224,"image_width":224,"use_cudnn":0},"cudnn_version":"none","backward_times":[1.8980629444122,1.899178981781,1.9024059772491,1.9001460075378,1.8982210159302,1.900101184845,1.8981699943542,1.8981900215149,1.9502291679382,1.8980658054352]}