{"forward_times":[2.6586680412292,1.8672959804535,1.8684320449829,1.8683929443359,1.8679268360138,1.8684380054474,1.8671369552612,1.868007183075,1.8669159412384,1.8671698570251],"total_times":[7.4406740665436,5.1777718067169,5.1796128749847,5.1813359260559,5.1794500350952,5.1802361011505,5.1776478290558,5.1795661449432,5.1769378185272,5.1790838241577],"gpu_name":"c4.4xlarge","opt":{"gpu":-1,"num_passes":10,"model_t7":"models\/resnet-101.t7","batch_size":16,"output_json":"outputs\/c4x4\/254358.json","image_height":224,"image_width":224,"use_cudnn":0},"cudnn_version":"none","backward_times":[4.7820060253143,3.3104758262634,3.3111808300018,3.31294298172,3.3115231990814,3.3117980957031,3.3105108737946,3.3115589618683,3.3100218772888,3.3119139671326]}