{"forward_times":[0.60653400421143,0.60546493530273,0.60695195198059,0.606125831604,0.60548901557922,0.60663890838623,0.6058988571167,0.60687708854675,0.60625219345093,0.60597801208496],"total_times":[1.7817950248718,1.7821369171143,1.7823219299316,1.7823677062988,1.7831358909607,1.7834627628326,1.7813038825989,1.7846252918243,1.7810022830963,1.7815699577332],"gpu_name":"cpu","opt":{"gpu":-1,"num_passes":10,"model_t7":"models\/resnet-18.t7","batch_size":16,"output_json":"outputs\/c4x4\/299791.json","image_height":224,"image_width":224,"use_cudnn":0},"cudnn_version":"none","backward_times":[1.1752610206604,1.1766719818115,1.175369977951,1.1762418746948,1.1776468753815,1.1768238544464,1.1754050254822,1.1777482032776,1.1747500896454,1.1755919456482]}