{"forward_times":[2.6761238574982,2.6443479061127,2.6447689533234,2.6595661640167,2.645280122757,2.6478879451752,2.6433489322662,2.6417951583862,2.6435539722443,2.6430578231812],"total_times":[7.4658229351044,7.4334239959717,7.4333789348602,7.453476190567,7.4352390766144,7.4369258880615,7.4343128204346,7.4303193092346,7.4278218746185,7.42613697052],"gpu_name":"cpu","opt":{"gpu":-1,"num_passes":10,"model_t7":"models\/vgg16.t7","batch_size":16,"output_json":"outputs\/c4x4\/344139.json","image_height":224,"image_width":224,"use_cudnn":0},"cudnn_version":"none","backward_times":[4.7896990776062,4.789076089859,4.7886099815369,4.7939100265503,4.7899589538574,4.7890379428864,4.7909638881683,4.7885241508484,4.7842679023743,4.7830791473389]}