{"forward_times":[3.1209688186646,3.117152929306,3.1177699565887,3.1181440353394,3.1217439174652,3.1175391674042,3.1210689544678,3.11789894104,3.1179800033569,3.1219751834869],"total_times":[8.8055746555328,8.7996690273285,8.8032350540161,8.8077199459076,8.8054277896881,8.7997353076935,8.8042559623718,8.8021199703217,8.805722951889,8.8062031269073],"gpu_name":"c4.4xlarge","opt":{"gpu":-1,"num_passes":10,"model_t7":"models\/vgg19.t7","batch_size":16,"output_json":"outputs\/c4x4\/53258.json","image_height":224,"image_width":224,"use_cudnn":0},"cudnn_version":"none","backward_times":[5.6846058368683,5.6825160980225,5.6854650974274,5.6895759105682,5.6836838722229,5.6821961402893,5.6831870079041,5.6842210292816,5.6877429485321,5.6842279434204]}