{"forward_times":[1.6231517791748,1.6245021820068,1.6237399578094,1.6257970333099,1.6231060028076,1.6242280006409,1.622015953064,1.6214959621429,1.6233379840851,1.6221170425415],"total_times":[4.667959690094,4.6686630249023,4.6681821346283,4.6685571670532,4.6627368927002,4.6675808429718,4.6628210544586,4.6653940677643,4.6654169559479,4.6638989448547],"gpu_name":"cpu","opt":{"gpu":-1,"num_passes":10,"model_t7":"models\/resnet-50.t7","batch_size":16,"output_json":"outputs\/c4x4\/730974.json","image_height":224,"image_width":224,"use_cudnn":0},"cudnn_version":"none","backward_times":[3.0448079109192,3.0441608428955,3.0444421768188,3.0427601337433,3.0396308898926,3.0433528423309,3.0408051013947,3.0438981056213,3.0420789718628,3.0417819023132]}