{"forward_times":[3.7390718460083,3.7400860786438,3.7488269805908,3.7403430938721,3.7405331134796,3.7388770580292,3.7464380264282,3.7441110610962,3.7429468631744,3.7435059547424],"total_times":[10.713676929474,10.723898172379,10.725600004196,10.715481042862,10.716064214706,10.726152181625,10.734559059143,10.724431276321,10.725771903992,10.726557970047],"gpu_name":"cpu","opt":{"gpu":-1,"num_passes":10,"model_t7":"models\/resnet-152.t7","batch_size":16,"output_json":"outputs\/c4x4\/756189.json","image_height":224,"image_width":224,"use_cudnn":0},"cudnn_version":"none","backward_times":[6.9746050834656,6.9838120937347,6.9767730236053,6.9751379489899,6.9755311012268,6.9872751235962,6.9881210327148,6.9803202152252,6.9828250408173,6.9830520153046]}