{"forward_times":[0.3860080242157,0.39400887489319,0.38270688056946,0.39053702354431,0.39030599594116,0.38461399078369,0.38684701919556,0.38986587524414,0.38393020629883,0.38307690620422],"total_times":[1.4080469608307,1.4198527336121,1.407201051712,1.4110379219055,1.416023015976,1.4061300754547,1.4102680683136,1.4104387760162,1.4021332263947,1.3999998569489],"gpu_name":"Quadro M4000","opt":{"gpu":0,"num_passes":10,"model_t7":"models\/vgg16.t7","batch_size":16,"output_json":"outputs\/152740.json","image_height":224,"image_width":224,"use_cudnn":0},"cudnn_version":"none","backward_times":[1.022038936615,1.0258438587189,1.0244941711426,1.0205008983612,1.0257170200348,1.021516084671,1.023421049118,1.0205729007721,1.0182030200958,1.0169229507446]}