{"forward_times":[0.035089015960693,0.035108089447021,0.03513503074646,0.035104990005493,0.035187959671021,0.035115003585815,0.035164833068848,0.03513503074646,0.035145044326782,0.035104990005493],"total_times":[0.10914015769958,0.10897707939148,0.10900902748108,0.10898303985596,0.10908198356628,0.10910391807556,0.11040687561035,0.1090829372406,0.10919499397278,0.10912799835205],"gpu_name":"Quadro M4000","opt":{"gpu":0,"num_passes":10,"model_t7":"models\/resnet-18.t7","batch_size":16,"output_json":"outputs\/159068.json","image_height":224,"image_width":224,"use_cudnn":1},"cudnn_version":5105,"backward_times":[0.074051141738892,0.073868989944458,0.073873996734619,0.073878049850464,0.073894023895264,0.073988914489746,0.075242042541504,0.073947906494141,0.074049949645996,0.074023008346558]}