{"forward_times":[0.15638208389282,0.15673398971558,0.15650200843811,0.15671682357788,0.15636396408081,0.15649008750916,0.15636897087097,0.15801501274109,0.15641808509827,0.15669894218445],"total_times":[0.43693399429321,0.43662405014038,0.43702602386475,0.43695592880249,0.43663597106934,0.43669009208679,0.43681478500366,0.43811106681824,0.4363899230957,0.43694710731506],"gpu_name":"Quadro M4000","opt":{"gpu":0,"num_passes":10,"model_t7":"models\/googlenet-v1.t7","batch_size":16,"output_json":"outputs\/212267.json","image_height":224,"image_width":224,"use_cudnn":0},"cudnn_version":"none","backward_times":[0.28055191040039,0.2798900604248,0.28052401542664,0.28023910522461,0.28027200698853,0.28020000457764,0.28044581413269,0.28009605407715,0.27997183799744,0.28024816513062]}