{"forward_times":[0.040292024612427,0.040218114852905,0.040252923965454,0.040297031402588,0.040223836898804,0.040303945541382,0.040285110473633,0.040252923965454,0.040477991104126,0.040292978286743],"total_times":[0.12977695465088,0.12969303131104,0.12941193580627,0.12976002693176,0.12979483604431,0.12997484207153,0.12962412834167,0.12990975379944,0.12999486923218,0.1297459602356],"gpu_name":"Quadro M4000","opt":{"gpu":0,"num_passes":10,"model_t7":"models\/googlenet-v1.t7","batch_size":16,"output_json":"outputs\/246087.json","image_height":224,"image_width":224,"use_cudnn":1},"cudnn_version":5105,"backward_times":[0.089484930038452,0.08947491645813,0.08915901184082,0.089462995529175,0.089570999145508,0.089670896530151,0.089339017868042,0.089656829833984,0.089516878128052,0.089452981948853]}