{"forward_times":[0.11864495277405,0.11859893798828,0.12315893173218,0.11911201477051,0.1184458732605,0.11931395530701,0.12329912185669,0.11853981018066,0.11847901344299,0.11919784545898],"total_times":[0.33243989944458,0.32830691337585,0.33276581764221,0.32828092575073,0.32877779006958,0.33693099021912,0.33581829071045,0.32804369926453,0.3281090259552,0.32881999015808],"gpu_name":"Quadro M4000","opt":{"gpu":0,"num_passes":10,"model_t7":"models\/resnet-18.t7","batch_size":16,"output_json":"outputs\/260065.json","image_height":224,"image_width":224,"use_cudnn":0},"cudnn_version":"none","backward_times":[0.21379494667053,0.20970797538757,0.20960688591003,0.20916891098022,0.21033191680908,0.21761703491211,0.21251916885376,0.20950388908386,0.20963001251221,0.2096221446991]}