{"forward_times":[0.014219045639038,0.014258861541748,0.014217853546143,0.014246940612793,0.014214992523193,0.014252901077271,0.014218091964722,0.014230966567993,0.014224052429199,0.014226913452148],"total_times":[0.043767929077148,0.043773889541626,0.043794870376587,0.043735027313232,0.043741941452026,0.043807029724121,0.043660163879395,0.043745994567871,0.043725967407227,0.043750047683716],"gpu_name":"Quadro M4000","opt":{"gpu":0,"num_passes":10,"model_t7":"models\/alexnet.t7","batch_size":16,"output_json":"outputs\/327781.json","image_height":224,"image_width":224,"use_cudnn":1},"cudnn_version":5105,"backward_times":[0.02954888343811,0.029515027999878,0.029577016830444,0.029488086700439,0.029526948928833,0.029554128646851,0.029442071914673,0.029515027999878,0.029501914978027,0.029523134231567]}