{"forward_times":[0.7913990020752,0.79145693778992,0.79122185707092,0.79074215888977,0.79138803482056,0.79044604301453,0.79269909858704,0.79062485694885,0.79011201858521,0.78988289833069],"total_times":[1.9750189781189,1.9768388271332,1.9731967449188,1.9735500812531,1.9749321937561,1.9729800224304,1.9760231971741,1.9732828140259,1.9718852043152,1.9718370437622],"gpu_name":"Quadro M4000","opt":{"gpu":0,"num_passes":10,"model_t7":"models\/resnet-152.t7","batch_size":16,"output_json":"outputs\/424075.json","image_height":224,"image_width":224,"use_cudnn":0},"cudnn_version":"none","backward_times":[1.1836199760437,1.1853818893433,1.1819748878479,1.1828079223633,1.1835441589355,1.1825339794159,1.183324098587,1.182657957077,1.18177318573,1.1819541454315]}