{"forward_times":[0.11740803718567,0.11757779121399,0.11813402175903,0.11718106269836,0.11719393730164,0.11736297607422,0.11746501922607,0.11714291572571,0.1186740398407,0.11708903312683],"total_times":[0.34502601623535,0.34547662734985,0.34591317176819,0.34591388702393,0.34596991539001,0.34573984146118,0.34536910057068,0.34519481658936,0.34649586677551,0.34584307670593],"gpu_name":"Quadro M4000","opt":{"gpu":0,"num_passes":10,"model_t7":"models\/resnet-50.t7","batch_size":16,"output_json":"outputs\/465768.json","image_height":224,"image_width":224,"use_cudnn":1},"cudnn_version":5105,"backward_times":[0.22761797904968,0.22789883613586,0.22777915000916,0.22873282432556,0.22877597808838,0.22837686538696,0.2279040813446,0.22805190086365,0.22782182693481,0.2287540435791]}