{"forward_times":[0.059153079986572,0.059049129486084,0.058942079544067,0.059031009674072,0.059051036834717,0.059018135070801,0.059003114700317,0.058930158615112,0.059793949127197,0.058927059173584],"total_times":[0.17701721191406,0.17698407173157,0.17688512802124,0.17719793319702,0.17825293540955,0.1768810749054,0.17778015136719,0.17672228813171,0.17775297164917,0.17668223381042],"gpu_name":"Quadro M4000","opt":{"gpu":0,"num_passes":10,"model_t7":"models\/resnet-34.t7","batch_size":16,"output_json":"outputs\/480443.json","image_height":224,"image_width":224,"use_cudnn":1},"cudnn_version":5105,"backward_times":[0.11786413192749,0.11793494224548,0.11794304847717,0.11816692352295,0.11920189857483,0.11786293983459,0.11877703666687,0.1177921295166,0.11795902252197,0.11775517463684]}