{"forward_times":[0.28017616271973,0.28045010566711,0.28135895729065,0.28030800819397,0.28110289573669,0.28010416030884,0.28040909767151,0.28098201751709,0.28046107292175,0.28138303756714],"total_times":[0.79997420310974,0.79987215995789,0.80085706710815,0.79965496063232,0.80056285858154,0.80025315284729,0.79989814758301,0.79957699775696,0.79960012435913,0.80159401893616],"gpu_name":"Quadro M4000","opt":{"gpu":0,"num_passes":10,"model_t7":"models\/resnet-50.t7","batch_size":16,"output_json":"outputs\/573412.json","image_height":224,"image_width":224,"use_cudnn":0},"cudnn_version":"none","backward_times":[0.51979804039001,0.51942205429077,0.5194981098175,0.51934695243835,0.51945996284485,0.52014899253845,0.5194890499115,0.51859498023987,0.51913905143738,0.52021098136902]}