{"forward_times":[0.14407396316528,0.14398813247681,0.14407706260681,0.14426493644714,0.14410710334778,0.14414286613464,0.14822697639465,0.14609909057617,0.14540100097656,0.14398694038391],"total_times":[0.44215416908264,0.44140005111694,0.44412302970886,0.44344305992126,0.44232702255249,0.44416999816895,0.44725394248962,0.44973707199097,0.44542503356934,0.44344186782837],"gpu_name":"Quadro M4000","opt":{"gpu":0,"num_passes":10,"model_t7":"models\/vgg16.t7","batch_size":16,"output_json":"outputs\/647565.json","image_height":224,"image_width":224,"use_cudnn":1},"cudnn_version":5105,"backward_times":[0.29808020591736,0.29741191864014,0.30004596710205,0.29917812347412,0.29821991920471,0.3000271320343,0.29902696609497,0.30363798141479,0.30002403259277,0.29945492744446]}