{"forward_times":[0.24050807952881,0.23993515968323,0.23964595794678,0.23948788642883,0.2396080493927,0.2407488822937,0.23970699310303,0.23948502540588,0.23987698554993,0.24063205718994],"total_times":[0.6010639667511,0.60066318511963,0.60124397277832,0.60108184814453,0.60070395469666,0.60127687454224,0.60067081451416,0.60093903541565,0.60185384750366,0.60118293762207],"gpu_name":"Quadro M4000","opt":{"gpu":0,"num_passes":10,"model_t7":"models\/resnet-34.t7","batch_size":16,"output_json":"outputs\/652032.json","image_height":224,"image_width":224,"use_cudnn":0},"cudnn_version":"none","backward_times":[0.36055588722229,0.3607280254364,0.36159801483154,0.3615939617157,0.36109590530396,0.36052799224854,0.36096382141113,0.36145401000977,0.36197686195374,0.36055088043213]}