{"forward_times":[0.46693897247314,0.46715807914734,0.46719908714294,0.46704292297363,0.467129945755,0.46692895889282,0.46763801574707,0.46530508995056,0.4649019241333,0.46477007865906],"total_times":[1.6700930595398,1.6701653003693,1.6661581993103,1.6691107749939,1.6719770431519,1.6708559989929,1.6605000495911,1.6613211631775,1.6585159301758,1.6580669879913],"gpu_name":"Quadro M4000","opt":{"gpu":0,"num_passes":10,"model_t7":"models\/vgg19.t7","batch_size":16,"output_json":"outputs\/656535.json","image_height":224,"image_width":224,"use_cudnn":0},"cudnn_version":"none","backward_times":[1.2031540870667,1.2030072212219,1.1989591121674,1.2020678520203,1.2048470973969,1.2039270401001,1.192862033844,1.1960160732269,1.1936140060425,1.1932969093323]}