{"forward_times":[0.18592500686646,0.18586111068726,0.18604493141174,0.18633723258972,0.18667006492615,0.18622708320618,0.18595886230469,0.18579292297363,0.18669700622559,0.18606185913086],"total_times":[0.53699898719788,0.53713822364807,0.53720092773438,0.53686332702637,0.53676819801331,0.53644299507141,0.53664088249207,0.5370397567749,0.53716897964478,0.53749990463257],"gpu_name":"Quadro M4000","opt":{"gpu":0,"num_passes":10,"model_t7":"models\/resnet-101.t7","batch_size":16,"output_json":"outputs\/657328.json","image_height":224,"image_width":224,"use_cudnn":1},"cudnn_version":5105,"backward_times":[0.35107398033142,0.35127711296082,0.35115599632263,0.35052609443665,0.35009813308716,0.35021591186523,0.35068202018738,0.35124683380127,0.35047197341919,0.35143804550171]}