{"forward_times":[0.169508934021,0.16937303543091,0.16950702667236,0.1694769859314,0.16963696479797,0.17039895057678,0.1703999042511,0.16953587532043,0.16952204704285,0.16961312294006],"total_times":[0.51801705360413,0.51742506027222,0.51798701286316,0.51836585998535,0.51744890213013,0.51768803596497,0.51828789710999,0.51675271987915,0.51553797721863,0.51750516891479],"gpu_name":"Quadro M4000","opt":{"gpu":0,"num_passes":10,"model_t7":"models\/vgg19.t7","batch_size":16,"output_json":"outputs\/774552.json","image_height":224,"image_width":224,"use_cudnn":1},"cudnn_version":5105,"backward_times":[0.34850811958313,0.34805202484131,0.3484799861908,0.34888887405396,0.34781193733215,0.34728908538818,0.34788799285889,0.34721684455872,0.34601593017578,0.34789204597473]}