{"forward_times":[0.53790307044983,0.54962420463562,0.53896999359131,0.53901600837708,0.53903698921204,0.53929805755615,0.53780078887939,0.53907895088196,0.53807210922241,0.53887581825256],"total_times":[1.3746230602264,1.3877601623535,1.3782811164856,1.3771619796753,1.3782119750977,1.3767890930176,1.3762078285217,1.3765919208527,1.374712228775,1.376443862915],"gpu_name":"Quadro M4000","opt":{"gpu":0,"num_passes":10,"model_t7":"models\/resnet-101.t7","batch_size":16,"output_json":"outputs\/925806.json","image_height":224,"image_width":224,"use_cudnn":0},"cudnn_version":"none","backward_times":[0.83671998977661,0.8381359577179,0.83931112289429,0.83814597129822,0.83917498588562,0.83749103546143,0.83840703964233,0.8375129699707,0.83664011955261,0.83756804466248]}