{"forward_times":[0.26282787322998,0.26377892494202,0.26383304595947,0.26476192474365,0.26513600349426,0.26463603973389,0.26347589492798,0.26442790031433,0.26354002952576,0.26497888565063],"total_times":[0.74359273910522,0.74559998512268,0.74642491340637,0.746906042099,0.7477080821991,0.74638891220093,0.74575090408325,0.74588680267334,0.74622797966003,0.7471489906311],"gpu_name":"Quadro M4000","opt":{"gpu":0,"num_passes":10,"model_t7":"models\/resnet-152.t7","batch_size":16,"output_json":"outputs\/975775.json","image_height":224,"image_width":224,"use_cudnn":1},"cudnn_version":5105,"backward_times":[0.48076486587524,0.48182106018066,0.4825918674469,0.48214411735535,0.48257207870483,0.48175287246704,0.48227500915527,0.48145890235901,0.48268795013428,0.48217010498047]}