{"forward_times":[0.027696132659912,0.027738094329834,0.027726888656616,0.027668952941895,0.027667999267578,0.02773904800415,0.027749061584473,0.027728080749512,0.027836084365845,0.027759075164795],"total_times":[0.087895154953003,0.08805513381958,0.087804794311523,0.087878942489624,0.087920904159546,0.087913990020752,0.088130950927734,0.087999105453491,0.088091135025024,0.088023900985718],"gpu_name":"Tesla V100-SXM2-16GB","opt":{"gpu":0,"num_passes":10,"model_t7":"models\/vgg19.t7","batch_size":16,"output_json":"outputs\/141499.json","image_height":224,"image_width":224,"use_cudnn":1},"cudnn_version":7004,"backward_times":[0.060199022293091,0.060317039489746,0.060077905654907,0.060209989547729,0.060252904891968,0.060174942016602,0.060381889343262,0.060271024703979,0.06025505065918,0.060264825820923]}