{"forward_times":[0.019804954528809,0.019841909408569,0.019867897033691,0.019847869873047,0.019783020019531,0.019811153411865,0.019806861877441,0.019805192947388,0.019854068756104,0.019873142242432],"total_times":[0.066094875335693,0.066049814224243,0.066101789474487,0.066127777099609,0.066079139709473,0.066020250320435,0.066022872924805,0.066052198410034,0.06620192527771,0.066132068634033],"gpu_name":"Tesla V100-SXM2-16GB","opt":{"gpu":0,"num_passes":10,"model_t7":"models\/resnet-50.t7","batch_size":16,"output_json":"outputs\/152499.json","image_height":224,"image_width":224,"use_cudnn":1},"cudnn_version":7004,"backward_times":[0.046289920806885,0.046207904815674,0.046233892440796,0.046279907226562,0.046296119689941,0.046209096908569,0.046216011047363,0.046247005462646,0.046347856521606,0.046258926391602]}