{"forward_times":[0.010167837142944,0.010133981704712,0.010183811187744,0.010119915008545,0.010138034820557,0.010143041610718,0.010118007659912,0.01012396812439,0.010135889053345,0.010117053985596],"total_times":[0.032529830932617,0.032445907592773,0.032502889633179,0.032572984695435,0.032454967498779,0.032456874847412,0.032561063766479,0.032467126846313,0.032562732696533,0.032520055770874],"gpu_name":"Tesla V100-SXM2-16GB","opt":{"gpu":0,"num_passes":10,"model_t7":"models\/resnet-34.t7","batch_size":16,"output_json":"outputs\/186850.json","image_height":224,"image_width":224,"use_cudnn":1},"cudnn_version":7004,"backward_times":[0.022361993789673,0.022311925888062,0.022319078445435,0.02245306968689,0.022316932678223,0.022313833236694,0.022443056106567,0.022343158721924,0.022426843643188,0.022403001785278]}