{"forward_times":[0.0061409473419189,0.0061540603637695,0.0062320232391357,0.0061409473419189,0.0061428546905518,0.0061640739440918,0.0061430931091309,0.0061540603637695,0.0061428546905518,0.0061390399932861],"total_times":[0.02025294303894,0.020377159118652,0.020442008972168,0.020282983779907,0.020335912704468,0.020280838012695,0.020273208618164,0.020292043685913,0.020351648330688,0.020285129547119],"gpu_name":"Tesla V100-SXM2-16GB","opt":{"gpu":0,"num_passes":10,"model_t7":"models\/resnet-18.t7","batch_size":16,"output_json":"outputs\/188409.json","image_height":224,"image_width":224,"use_cudnn":1},"cudnn_version":7004,"backward_times":[0.014111995697021,0.014223098754883,0.014209985733032,0.014142036437988,0.014193058013916,0.014116764068604,0.014130115509033,0.014137983322144,0.014208793640137,0.014146089553833]}