{"forward_times":[0.031606912612915,0.031635046005249,0.031667947769165,0.031653881072998,0.031800985336304,0.031570911407471,0.031522035598755,0.031661987304688,0.03166389465332,0.031574010848999],"total_times":[0.1137170791626,0.11378192901611,0.11387014389038,0.11394286155701,0.11386394500732,0.1136748790741,0.11355900764465,0.11366105079651,0.11375093460083,0.11367392539978],"gpu_name":"Tesla V100-SXM2-16GB","opt":{"gpu":0,"num_passes":10,"model_t7":"models\/resnet-101.t7","batch_size":16,"output_json":"outputs\/305460.json","image_height":224,"image_width":224,"use_cudnn":1},"cudnn_version":7004,"backward_times":[0.082110166549683,0.082146883010864,0.082202196121216,0.082288980484009,0.082062959671021,0.082103967666626,0.082036972045898,0.081999063491821,0.08208703994751,0.082099914550781]}