{"forward_times":[0.046699047088623,0.046698093414307,0.046686887741089,0.046632051467896,0.046694993972778,0.046733856201172,0.046658039093018,0.046673059463501,0.046708106994629,0.046709060668945],"total_times":[0.12185907363892,0.12180519104004,0.12177777290344,0.12170910835266,0.12188100814819,0.12180089950562,0.1218318939209,0.12192106246948,0.12181711196899,0.12178516387939],"gpu_name":"Tesla V100-SXM2-16GB","opt":{"gpu":0,"num_passes":10,"model_t7":"models\/resnet-34.t7","batch_size":16,"output_json":"outputs\/319572.json","image_height":224,"image_width":224,"use_cudnn":0},"cudnn_version":"none","backward_times":[0.075160026550293,0.075107097625732,0.075090885162354,0.075077056884766,0.075186014175415,0.075067043304443,0.075173854827881,0.075248003005981,0.075109004974365,0.075076103210449]}