{"forward_times":[0.023741960525513,0.02373194694519,0.02374792098999,0.023770093917847,0.023800849914551,0.02376389503479,0.023730993270874,0.023742198944092,0.023799180984497,0.023789882659912],"total_times":[0.076390981674194,0.076344966888428,0.076494932174683,0.076405048370361,0.076597690582275,0.076474905014038,0.076391935348511,0.076435327529907,0.076461315155029,0.07654881477356],"gpu_name":"Tesla V100-SXM2-16GB","opt":{"gpu":0,"num_passes":10,"model_t7":"models\/vgg16.t7","batch_size":16,"output_json":"outputs\/330008.json","image_height":224,"image_width":224,"use_cudnn":1},"cudnn_version":7004,"backward_times":[0.052649021148682,0.052613019943237,0.052747011184692,0.052634954452515,0.052796840667725,0.052711009979248,0.052660942077637,0.052693128585815,0.052662134170532,0.052758932113647]}