{"forward_times":[0.08480978012085,0.084903001785278,0.084859848022461,0.084843158721924,0.084769010543823,0.084737062454224,0.084667921066284,0.08489990234375,0.084861040115356,0.084820985794067],"total_times":[0.26304483413696,0.26328206062317,0.26289868354797,0.26291227340698,0.26295495033264,0.26267004013062,0.26253199577332,0.26295495033264,0.26260685920715,0.26269507408142],"gpu_name":"Tesla V100-SXM2-16GB","opt":{"gpu":0,"num_passes":10,"model_t7":"models\/vgg19.t7","batch_size":16,"output_json":"outputs\/372134.json","image_height":224,"image_width":224,"use_cudnn":0},"cudnn_version":"none","backward_times":[0.17823505401611,0.17837905883789,0.17803883552551,0.17806911468506,0.17818593978882,0.17793297767639,0.17786407470703,0.17805504798889,0.1777458190918,0.17787408828735]}