{"forward_times":[0.007875919342041,0.0078880786895752,0.007904052734375,0.0078859329223633,0.0079009532928467,0.007918119430542,0.0078959465026855,0.0079219341278076,0.007904052734375,0.0079131126403809],"total_times":[0.028169870376587,0.028292179107666,0.028304100036621,0.028387069702148,0.028362989425659,0.028312206268311,0.028328895568848,0.028404951095581,0.028239965438843,0.028272151947021],"gpu_name":"Tesla V100-SXM2-16GB","opt":{"gpu":0,"num_passes":10,"model_t7":"models\/googlenet-v1.t7","batch_size":16,"output_json":"outputs\/435813.json","image_height":224,"image_width":224,"use_cudnn":1},"cudnn_version":7004,"backward_times":[0.020293951034546,0.020404100418091,0.020400047302246,0.020501136779785,0.020462036132812,0.020394086837769,0.020432949066162,0.020483016967773,0.020335912704468,0.020359039306641]}