{"forward_times":[0.025357007980347,0.02534294128418,0.025362014770508,0.025351047515869,0.025374889373779,0.025330066680908,0.025357007980347,0.025351047515869,0.025365114212036,0.025366067886353],"total_times":[0.070218086242676,0.070256948471069,0.070209980010986,0.070198059082031,0.070289850234985,0.070201873779297,0.070197105407715,0.070255041122437,0.070194959640503,0.070183038711548],"gpu_name":"Tesla V100-SXM2-16GB","opt":{"gpu":0,"num_passes":10,"model_t7":"models\/resnet-18.t7","batch_size":16,"output_json":"outputs\/438207.json","image_height":224,"image_width":224,"use_cudnn":0},"cudnn_version":"none","backward_times":[0.044861078262329,0.04491400718689,0.044847965240479,0.044847011566162,0.044914960861206,0.044871807098389,0.044840097427368,0.044903993606567,0.044829845428467,0.044816970825195]}