{"forward_times":[0.044704914093018,0.044688940048218,0.04478907585144,0.044795989990234,0.044826984405518,0.044835805892944,0.04475998878479,0.044753074645996,0.044901132583618,0.044912099838257],"total_times":[0.16225004196167,0.16226387023926,0.16237306594849,0.16237902641296,0.1624219417572,0.16244673728943,0.16236686706543,0.16226720809937,0.16250109672546,0.16247010231018],"gpu_name":"Tesla V100-SXM2-16GB","opt":{"gpu":0,"num_passes":10,"model_t7":"models\/resnet-152.t7","batch_size":16,"output_json":"outputs\/442478.json","image_height":224,"image_width":224,"use_cudnn":1},"cudnn_version":7004,"backward_times":[0.11754512786865,0.11757493019104,0.11758399009705,0.11758303642273,0.11759495735168,0.11761093139648,0.11760687828064,0.11751413345337,0.11759996414185,0.11755800247192]}