{"forward_times":[0.11277318000793,0.11278915405273,0.11276912689209,0.11280179023743,0.11281299591064,0.11276698112488,0.11280918121338,0.11281299591064,0.11278295516968,0.11282300949097],"total_times":[0.30670309066772,0.30665421485901,0.30669713020325,0.30680680274963,0.30680799484253,0.30666303634644,0.30680131912231,0.30674815177917,0.3066828250885,0.30676317214966],"gpu_name":"Tesla V100-SXM2-16GB","opt":{"gpu":0,"num_passes":10,"model_t7":"models\/resnet-101.t7","batch_size":16,"output_json":"outputs\/526017.json","image_height":224,"image_width":224,"use_cudnn":0},"cudnn_version":"none","backward_times":[0.19392991065979,0.19386506080627,0.19392800331116,0.19400501251221,0.19399499893188,0.19389605522156,0.19399213790894,0.19393515586853,0.19389986991882,0.19394016265869]}