{"forward_times":[0.0032739639282227,0.0032310485839844,0.0031599998474121,0.0031700134277344,0.003148078918457,0.0031609535217285,0.0032131671905518,0.0031900405883789,0.0031321048736572,0.0031700134277344],"total_times":[0.0099830627441406,0.0098822116851807,0.0097880363464355,0.009861946105957,0.0098030567169189,0.0098390579223633,0.0098412036895752,0.0098459720611572,0.0098321437835693,0.009788990020752],"gpu_name":"Tesla V100-SXM2-16GB","opt":{"gpu":0,"num_passes":10,"model_t7":"models\/alexnet.t7","batch_size":16,"output_json":"outputs\/700164.json","image_height":224,"image_width":224,"use_cudnn":1},"cudnn_version":7004,"backward_times":[0.006709098815918,0.0066511631011963,0.0066280364990234,0.0066919326782227,0.0066549777984619,0.0066781044006348,0.0066280364990234,0.0066559314727783,0.0067000389099121,0.0066189765930176]}