{"forward_times":[0.16533493995667,0.16531491279602,0.16539192199707,0.16538000106812,0.16543078422546,0.16540312767029,0.16541695594788,0.1654200553894,0.16537594795227,0.16540813446045],"total_times":[0.44387888908386,0.4438099861145,0.44392895698547,0.44385695457458,0.44395875930786,0.44398999214172,0.44380402565002,0.44394898414612,0.44385409355164,0.44385719299316],"gpu_name":"Tesla V100-SXM2-16GB","opt":{"gpu":0,"num_passes":10,"model_t7":"models\/resnet-152.t7","batch_size":16,"output_json":"outputs\/720592.json","image_height":224,"image_width":224,"use_cudnn":0},"cudnn_version":"none","backward_times":[0.2785439491272,0.27849507331848,0.2785370349884,0.27847695350647,0.2785279750824,0.27858686447144,0.27838706970215,0.27852892875671,0.27847814559937,0.27844905853271]}