{"forward_times":[0.21528887748718,0.21526789665222,0.21521306037903,0.2153000831604,0.21523404121399,0.2152419090271,0.21529698371887,0.21517896652222,0.21518802642822,0.21530699729919],"total_times":[0.60184168815613,0.60194897651672,0.60173106193542,0.60184693336487,0.60184717178345,0.60177993774414,0.60181093215942,0.60187411308289,0.60173892974854,0.60193395614624],"gpu_name":"Tesla V100-SXM2-16GB","opt":{"gpu":0,"num_passes":10,"model_t7":"models\/resnet-200.t7","batch_size":16,"output_json":"outputs\/805136.json","image_height":224,"image_width":224,"use_cudnn":0},"cudnn_version":"none","backward_times":[0.38655281066895,0.3866810798645,0.3865180015564,0.38654685020447,0.38661313056946,0.38653802871704,0.38651394844055,0.38669514656067,0.38655090332031,0.38662695884705]}