{"forward_times":[0.059549808502197,0.059623003005981,0.059509038925171,0.059592962265015,0.059492111206055,0.059528112411499,0.059553146362305,0.059529066085815,0.059538841247559,0.059516191482544],"total_times":[0.17684459686279,0.17690491676331,0.1767520904541,0.17682290077209,0.17671132087708,0.17683219909668,0.17688322067261,0.1767840385437,0.17680788040161,0.17685317993164],"gpu_name":"Tesla V100-SXM2-16GB","opt":{"gpu":0,"num_passes":10,"model_t7":"models\/resnet-50.t7","batch_size":16,"output_json":"outputs\/909376.json","image_height":224,"image_width":224,"use_cudnn":0},"cudnn_version":"none","backward_times":[0.1172947883606,0.11728191375732,0.11724305152893,0.11722993850708,0.11721920967102,0.11730408668518,0.1173300743103,0.11725497245789,0.11726903915405,0.1173369884491]}