{"forward_times":[0.056523084640503,0.056527853012085,0.056528806686401,0.056502103805542,0.056470155715942,0.056509971618652,0.056504011154175,0.056520938873291,0.056492805480957,0.056464910507202],"total_times":[0.13472008705139,0.13466572761536,0.1347188949585,0.13465595245361,0.13474011421204,0.1346538066864,0.13472986221313,0.13472390174866,0.13464593887329,0.13463282585144],"gpu_name":"Tesla V100-SXM2-16GB","opt":{"gpu":0,"num_passes":10,"model_t7":"models\/googlenet-v1.t7","batch_size":16,"output_json":"outputs\/913578.json","image_height":224,"image_width":224,"use_cudnn":0},"cudnn_version":"none","backward_times":[0.078197002410889,0.078137874603271,0.078190088272095,0.078153848648071,0.078269958496094,0.078143835067749,0.07822585105896,0.078202962875366,0.078153133392334,0.078167915344238]}