{"forward_times":[0.067509889602661,0.067574977874756,0.067490100860596,0.067566871643066,0.0676109790802,0.067533016204834,0.067497968673706,0.067523956298828,0.067567110061646,0.067505836486816],"total_times":[0.21846604347229,0.21830797195435,0.21812295913696,0.21861577033997,0.21865200996399,0.21807813644409,0.21820998191833,0.21822714805603,0.21844601631165,0.21857285499573],"gpu_name":"Tesla V100-SXM2-16GB","opt":{"gpu":0,"num_passes":10,"model_t7":"models\/vgg16.t7","batch_size":16,"output_json":"outputs\/917202.json","image_height":224,"image_width":224,"use_cudnn":0},"cudnn_version":"none","backward_times":[0.15095615386963,0.15073299407959,0.15063285827637,0.1510488986969,0.15104103088379,0.15054512023926,0.15071201324463,0.1507031917572,0.15087890625,0.15106701850891]}