{"forward_times":[0.059612989425659,0.059533834457397,0.059774875640869,0.059714078903198,0.059545993804932,0.059646844863892,0.05971884727478,0.059616088867188,0.059757947921753,0.059859991073608],"total_times":[0.20892286300659,0.2086877822876,0.2090048789978,0.20904207229614,0.20888805389404,0.20887184143066,0.20901584625244,0.20888423919678,0.20901298522949,0.20909595489502],"gpu_name":"Tesla V100-SXM2-16GB","opt":{"gpu":0,"num_passes":10,"model_t7":"models\/resnet-200.t7","batch_size":16,"output_json":"outputs\/956479.json","image_height":224,"image_width":224,"use_cudnn":1},"cudnn_version":7004,"backward_times":[0.14930987358093,0.1491539478302,0.14923000335693,0.14932799339294,0.14934206008911,0.14922499656677,0.14929699897766,0.14926815032959,0.14925503730774,0.14923596382141]}