{"forward_times":[0.021950006484985,0.022165060043335,0.022058010101318,0.022140979766846,0.022032022476196,0.022149085998535,0.02208399772644,0.022163152694702,0.022071123123169,0.022177934646606],"total_times":[0.078786849975586,0.07905125617981,0.078778982162476,0.078951120376587,0.078816175460815,0.078965187072754,0.078838109970093,0.078741073608398,0.078806161880493,0.078963756561279],"gpu_name":"Tesla V100-SXM2-16GB","opt":{"gpu":0,"num_passes":10,"model_t7":"models\/googlenet-v1.t7","batch_size":64,"output_json":"outputs\/v100_cudnn7004_batch64\/140867.json","image_height":224,"image_width":224,"use_cudnn":1},"cudnn_version":7004,"backward_times":[0.056836843490601,0.056886196136475,0.056720972061157,0.056810140609741,0.056784152984619,0.056816101074219,0.056754112243652,0.056577920913696,0.056735038757324,0.056785821914673]}