{"forward_times":[0.22396612167358,0.22398781776428,0.22398495674133,0.22401213645935,0.22396397590637,0.2239990234375,0.22397398948669,0.22398996353149,0.22402000427246,0.22398209571838],"total_times":[0.53162622451782,0.53163290023804,0.5317370891571,0.53178811073303,0.53176188468933,0.53168487548828,0.53173804283142,0.53162884712219,0.53173518180847,0.53163313865662],"gpu_name":"Tesla V100-SXM2-16GB","opt":{"gpu":0,"num_passes":10,"model_t7":"models\/googlenet-v1.t7","batch_size":64,"output_json":"outputs\/v100_cudnn7004_batch64\/153552.json","image_height":224,"image_width":224,"use_cudnn":0},"cudnn_version":"none","backward_times":[0.30766010284424,0.30764508247375,0.30775213241577,0.30777597427368,0.30779790878296,0.30768585205078,0.30776405334473,0.3076388835907,0.30771517753601,0.30765104293823]}