{"forward_times":[0.020133972167969,0.020267009735107,0.02015209197998,0.020136117935181,0.02009105682373,0.020177125930786,0.020150899887085,0.020129203796387,0.020169973373413,0.020298957824707],"total_times":[0.06688380241394,0.067022085189819,0.066889047622681,0.066846132278442,0.066854953765869,0.066927194595337,0.066879987716675,0.066799402236938,0.067039966583252,0.067049980163574],"gpu_name":"Tesla V100-SXM2-16GB","opt":{"gpu":0,"num_passes":10,"model_t7":"models\/resnet-18.t7","batch_size":64,"output_json":"outputs\/v100_cudnn7004_batch64\/161520.json","image_height":224,"image_width":224,"use_cudnn":1},"cudnn_version":7004,"backward_times":[0.046749830245972,0.046755075454712,0.0467369556427,0.046710014343262,0.046763896942139,0.046750068664551,0.04672908782959,0.046670198440552,0.046869993209839,0.046751022338867]}