{"forward_times":[0.00862717628479,0.0087320804595947,0.0086359977722168,0.0097110271453857,0.0096700191497803,0.0097081661224365,0.0096650123596191,0.0098590850830078,0.0098409652709961,0.0096940994262695],"total_times":[0.02696418762207,0.027034044265747,0.026818990707397,0.03080415725708,0.030602931976318,0.030377149581909,0.030607938766479,0.030658006668091,0.030586004257202,0.030437231063843],"gpu_name":"Tesla V100-SXM2-16GB","opt":{"gpu":0,"num_passes":10,"model_t7":"models\/alexnet.t7","batch_size":64,"output_json":"outputs\/v100_cudnn7004_batch64\/250747.json","image_height":224,"image_width":224,"use_cudnn":1},"cudnn_version":7004,"backward_times":[0.01833701133728,0.018301963806152,0.018182992935181,0.021093130111694,0.020932912826538,0.020668983459473,0.02094292640686,0.020798921585083,0.020745038986206,0.020743131637573]}