{"forward_times":[0.10108208656311,0.10108089447021,0.1010730266571,0.10101199150085,0.10107207298279,0.10098600387573,0.1010799407959,0.10106611251831,0.10103607177734,0.10102486610413],"total_times":[0.2784161567688,0.27834892272949,0.27841305732727,0.27829599380493,0.27841019630432,0.27829599380493,0.27841782569885,0.27838110923767,0.27834701538086,0.27839779853821],"gpu_name":"Tesla V100-SXM2-16GB","opt":{"gpu":0,"num_passes":10,"model_t7":"models\/resnet-18.t7","batch_size":64,"output_json":"outputs\/v100_cudnn7004_batch64\/282798.json","image_height":224,"image_width":224,"use_cudnn":0},"cudnn_version":"none","backward_times":[0.17733407020569,0.17726802825928,0.17734003067017,0.17728400230408,0.17733812332153,0.1773099899292,0.17733788490295,0.17731499671936,0.17731094360352,0.17737293243408]}