{"forward_times":[0.33595895767212,0.33597493171692,0.33596897125244,0.33593988418579,0.33614301681519,0.33617115020752,0.336186170578,0.33654403686523,0.33688402175903,0.33640599250793],"total_times":[1.0381948947906,1.0377249717712,1.0372078418732,1.0374507904053,1.036318063736,1.0372512340546,1.0376510620117,1.0372140407562,1.0386490821838,1.0386729240417],"gpu_name":"Tesla V100-SXM2-16GB","opt":{"gpu":0,"num_passes":10,"model_t7":"models\/vgg19.t7","batch_size":64,"output_json":"outputs\/v100_cudnn7004_batch64\/472496.json","image_height":224,"image_width":224,"use_cudnn":0},"cudnn_version":"none","backward_times":[0.70223593711853,0.70175004005432,0.70123887062073,0.70151090621948,0.70017504692078,0.70108008384705,0.70146489143372,0.70067000389099,0.7017650604248,0.70226693153381]}