{"forward_times":[0.26638197898865,0.26624894142151,0.26697587966919,0.26671195030212,0.26631903648376,0.26659321784973,0.26678800582886,0.26681303977966,0.26652002334595,0.26672506332397],"total_times":[0.8572359085083,0.85784983634949,0.85886096954346,0.85843706130981,0.85971713066101,0.85710620880127,0.85963201522827,0.8585479259491,0.85863089561462,0.85787796974182],"gpu_name":"Tesla V100-SXM2-16GB","opt":{"gpu":0,"num_passes":10,"model_t7":"models\/vgg16.t7","batch_size":64,"output_json":"outputs\/v100_cudnn7004_batch64\/476739.json","image_height":224,"image_width":224,"use_cudnn":0},"cudnn_version":"none","backward_times":[0.59085392951965,0.59160089492798,0.59188508987427,0.59172511100769,0.59339809417725,0.59051299095154,0.59284400939941,0.59173488616943,0.59211087226868,0.59115290641785]}