{"forward_times":[0.10150003433228,0.10154914855957,0.1017119884491,0.10172414779663,0.10161018371582,0.10205006599426,0.10159707069397,0.10172605514526,0.10158705711365,0.10182094573975],"total_times":[0.32628583908081,0.32750797271729,0.32735300064087,0.3278431892395,0.32762908935547,0.3278660774231,0.3275580406189,0.32735705375671,0.32745718955994,0.32777285575867],"gpu_name":"Tesla V100-SXM2-16GB","opt":{"gpu":0,"num_passes":10,"model_t7":"models\/vgg19.t7","batch_size":64,"output_json":"outputs\/v100_cudnn7004_batch64\/577284.json","image_height":224,"image_width":224,"use_cudnn":1},"cudnn_version":7004,"backward_times":[0.22478580474854,0.22595882415771,0.22564101219177,0.22611904144287,0.22601890563965,0.22581601142883,0.22596096992493,0.22563099861145,0.22587013244629,0.22595191001892]}