{"forward_times":[0.18613600730896,0.18623614311218,0.18621206283569,0.18609285354614,0.18599605560303,0.18620681762695,0.18622803688049,0.18613314628601,0.18603897094727,0.18597507476807],"total_times":[0.48386693000793,0.483891248703,0.48389220237732,0.48375582695007,0.48364210128784,0.48382186889648,0.4838752746582,0.48369312286377,0.4836540222168,0.48357605934143],"gpu_name":"Tesla V100-SXM2-16GB","opt":{"gpu":0,"num_passes":10,"model_t7":"models\/resnet-34.t7","batch_size":64,"output_json":"outputs\/v100_cudnn7004_batch64\/832800.json","image_height":224,"image_width":224,"use_cudnn":0},"cudnn_version":"none","backward_times":[0.29773092269897,0.29765510559082,0.29768013954163,0.29766297340393,0.29764604568481,0.29761505126953,0.29764723777771,0.29755997657776,0.29761505126953,0.29760098457336]}