{"forward_times":[0.03365421295166,0.03374981880188,0.033650159835815,0.033663034439087,0.033763885498047,0.033787965774536,0.03382396697998,0.033829927444458,0.033719062805176,0.033746957778931],"total_times":[0.1082763671875,0.10855984687805,0.10849499702454,0.10849618911743,0.10839676856995,0.10857105255127,0.10853695869446,0.10858774185181,0.10853910446167,0.10855793952942],"gpu_name":"Tesla V100-SXM2-16GB","opt":{"gpu":0,"num_passes":10,"model_t7":"models\/resnet-34.t7","batch_size":64,"output_json":"outputs\/v100_cudnn7004_batch64\/941356.json","image_height":224,"image_width":224,"use_cudnn":1},"cudnn_version":7004,"backward_times":[0.07462215423584,0.074810028076172,0.074844837188721,0.074833154678345,0.074632883071899,0.074783086776733,0.074712991714478,0.074757814407349,0.074820041656494,0.074810981750488]}