{"forward_times":[0.086743116378784,0.088453054428101,0.087045192718506,0.086920022964478,0.086539030075073,0.086516141891479,0.086902856826782,0.086735963821411,0.08672308921814,0.086924076080322],"total_times":[0.28398513793945,0.28755307197571,0.28505611419678,0.28491806983948,0.28349804878235,0.28364610671997,0.28479671478271,0.28360104560852,0.28393125534058,0.28487205505371],"gpu_name":"Tesla V100-SXM2-16GB","opt":{"gpu":0,"num_passes":10,"model_t7":"models\/vgg16.t7","batch_size":64,"output_json":"outputs\/v100_cudnn7004_batch64\/944024.json","image_height":224,"image_width":224,"use_cudnn":1},"cudnn_version":7004,"backward_times":[0.19724202156067,0.19910001754761,0.19801092147827,0.197998046875,0.19695901870728,0.19712996482849,0.19789385795593,0.19686508178711,0.19720816612244,0.19794797897339]}