{"forward_times":[0.043879985809326,0.043872117996216,0.043874025344849,0.043901920318604,0.043914079666138,0.043859004974365,0.043903112411499,0.043926954269409,0.043929100036621,0.043892860412598],"total_times":[0.1403489112854,0.14044618606567,0.14056396484375,0.14037394523621,0.14029717445374,0.14033508300781,0.1403591632843,0.14039874076843,0.14051127433777,0.140549659729],"gpu_name":"Quadro P6000","opt":{"gpu":0,"num_passes":10,"model_t7":"models\/resnet-34.t7","batch_size":16,"output_json":"outputs\/108373.json","image_height":224,"image_width":224,"use_cudnn":0},"cudnn_version":"none","backward_times":[0.096468925476074,0.096574068069458,0.096689939498901,0.096472024917603,0.096383094787598,0.096476078033447,0.096456050872803,0.096471786499023,0.096582174301147,0.096656799316406]}