{"forward_times":[0.2020411491394,0.20200300216675,0.20200300216675,0.20215201377869,0.2023618221283,0.2021369934082,0.20238089561462,0.20220613479614,0.20235085487366,0.20224094390869],"total_times":[0.62574100494385,0.62546801567078,0.6257119178772,0.62689113616943,0.62639284133911,0.62671399116516,0.62663984298706,0.6262800693512,0.62631678581238,0.626384973526],"gpu_name":"Quadro P6000","opt":{"gpu":0,"num_passes":10,"model_t7":"models\/resnet-200.t7","batch_size":16,"output_json":"outputs\/194921.json","image_height":224,"image_width":224,"use_cudnn":0},"cudnn_version":"none","backward_times":[0.42369985580444,0.42346501350403,0.42370891571045,0.42473912239075,0.42403101921082,0.42457699775696,0.42425894737244,0.42407393455505,0.42396593093872,0.42414402961731]}