{"forward_times":[0.038691997528076,0.038654088973999,0.038727045059204,0.038713932037354,0.038785934448242,0.038330078125,0.038784027099609,0.038520097732544,0.038658857345581,0.038726091384888],"total_times":[0.12167406082153,0.12249088287354,0.12151908874512,0.12226891517639,0.12248492240906,0.12148594856262,0.12233519554138,0.12210512161255,0.12194204330444,0.12207007408142],"gpu_name":"Quadro P6000","opt":{"gpu":0,"num_passes":10,"model_t7":"models\/vgg16.t7","batch_size":16,"output_json":"outputs\/279631.json","image_height":224,"image_width":224,"use_cudnn":1},"cudnn_version":5110,"backward_times":[0.082982063293457,0.083836793899536,0.082792043685913,0.083554983139038,0.083698987960815,0.083155870437622,0.083551168441772,0.083585023880005,0.083283185958862,0.083343982696533]}