{"forward_times":[0.051970958709717,0.052021980285645,0.05221700668335,0.052073955535889,0.052766084671021,0.052743911743164,0.052255868911743,0.052275896072388,0.052261829376221,0.052280902862549],"total_times":[0.15550899505615,0.15621495246887,0.15647792816162,0.15708899497986,0.15758228302002,0.157470703125,0.15614485740662,0.15682291984558,0.1572847366333,0.15715599060059],"gpu_name":"Quadro P6000","opt":{"gpu":0,"num_passes":10,"model_t7":"models\/resnet-101.t7","batch_size":16,"output_json":"outputs\/290230.json","image_height":224,"image_width":224,"use_cudnn":1},"cudnn_version":5110,"backward_times":[0.10353803634644,0.10419297218323,0.10426092147827,0.10501503944397,0.104816198349,0.10472679138184,0.10388898849487,0.10454702377319,0.10502290725708,0.10487508773804]}