{"forward_times":[0.024752855300903,0.024696111679077,0.02467679977417,0.024738073348999,0.024673938751221,0.024734973907471,0.024688005447388,0.024720191955566,0.024739027023315,0.024681806564331],"total_times":[0.079358816146851,0.079284191131592,0.079319715499878,0.079313993453979,0.079201936721802,0.079279899597168,0.079253911972046,0.079375267028809,0.079299211502075,0.0792236328125],"gpu_name":"Quadro P6000","opt":{"gpu":0,"num_passes":10,"model_t7":"models\/resnet-18.t7","batch_size":16,"output_json":"outputs\/359167.json","image_height":224,"image_width":224,"use_cudnn":0},"cudnn_version":"none","backward_times":[0.054605960845947,0.054588079452515,0.054642915725708,0.05457592010498,0.054527997970581,0.054544925689697,0.054565906524658,0.054655075073242,0.05456018447876,0.054541826248169]}