{"forward_times":[0.0038468837738037,0.0038430690765381,0.0038430690765381,0.0039150714874268,0.0038540363311768,0.0038490295410156,0.0038650035858154,0.0038509368896484,0.0039048194885254,0.0038399696350098],"total_times":[0.011833906173706,0.011817216873169,0.011804103851318,0.011970996856689,0.011819124221802,0.01182222366333,0.011808156967163,0.01180100440979,0.011917591094971,0.011829853057861],"gpu_name":"Quadro P6000","opt":{"gpu":0,"num_passes":10,"model_t7":"models\/alexnet.t7","batch_size":16,"output_json":"outputs\/40778.json","image_height":224,"image_width":224,"use_cudnn":1},"cudnn_version":5110,"backward_times":[0.0079870223999023,0.0079741477966309,0.0079610347747803,0.0080559253692627,0.007965087890625,0.0079731941223145,0.0079431533813477,0.0079500675201416,0.0080127716064453,0.0079898834228516]}