{"forward_times":[0.029927015304565,0.030004978179932,0.030004978179932,0.029965877532959,0.029941082000732,0.029994964599609,0.029958009719849,0.029942989349365,0.029982805252075,0.029946088790894],"total_times":[0.10134100914001,0.10134601593018,0.1013720035553,0.10154294967651,0.10135817527771,0.10136890411377,0.10136795043945,0.10122299194336,0.10135769844055,0.10127305984497],"gpu_name":"Quadro P6000","opt":{"gpu":0,"num_passes":10,"model_t7":"models\/googlenet-v1.t7","batch_size":16,"output_json":"outputs\/473948.json","image_height":224,"image_width":224,"use_cudnn":0},"cudnn_version":"none","backward_times":[0.071413993835449,0.071341037750244,0.071367025375366,0.071577072143555,0.071417093276978,0.07137393951416,0.071409940719604,0.071280002593994,0.071374893188477,0.071326971054077]}