{"forward_times":[0.010070085525513,0.010064125061035,0.010073184967041,0.010058879852295,0.010063886642456,0.01006007194519,0.010051965713501,0.010073900222778,0.010046005249023,0.010059833526611],"total_times":[0.031551122665405,0.031536102294922,0.031604290008545,0.031588792800903,0.031574964523315,0.03159499168396,0.031604051589966,0.031535863876343,0.031599044799805,0.031611680984497],"gpu_name":"Quadro P6000","opt":{"gpu":0,"num_passes":10,"model_t7":"models\/resnet-18.t7","batch_size":16,"output_json":"outputs\/601025.json","image_height":224,"image_width":224,"use_cudnn":1},"cudnn_version":5110,"backward_times":[0.021481037139893,0.021471977233887,0.021531105041504,0.021529912948608,0.021511077880859,0.02153491973877,0.021552085876465,0.021461963653564,0.021553039550781,0.021551847457886]}