{"forward_times":[0.033931016921997,0.034099102020264,0.034011125564575,0.033930063247681,0.034029006958008,0.034052133560181,0.034070014953613,0.034070014953613,0.03392505645752,0.034073114395142],"total_times":[0.10281705856323,0.10286211967468,0.10237216949463,0.10265707969666,0.10264205932617,0.10300326347351,0.10304999351501,0.10281419754028,0.10266709327698,0.10290503501892],"gpu_name":"Quadro P6000","opt":{"gpu":0,"num_passes":10,"model_t7":"models\/resnet-50.t7","batch_size":16,"output_json":"outputs\/615201.json","image_height":224,"image_width":224,"use_cudnn":1},"cudnn_version":5110,"backward_times":[0.068886041641235,0.068763017654419,0.068361043930054,0.068727016448975,0.068613052368164,0.06895112991333,0.068979978561401,0.06874418258667,0.068742036819458,0.068831920623779]}