{"forward_times":[0.11309599876404,0.11306500434875,0.11357402801514,0.11277794837952,0.11298608779907,0.11285519599915,0.11228799819946,0.11287498474121,0.11303114891052,0.11260414123535],"total_times":[0.39699411392212,0.39865398406982,0.39871501922607,0.39604306221008,0.39914107322693,0.39778518676758,0.39510107040405,0.39766693115234,0.39872312545776,0.39696717262268],"gpu_name":"Quadro P6000","opt":{"gpu":0,"num_passes":10,"model_t7":"models\/vgg19.t7","batch_size":16,"output_json":"outputs\/663104.json","image_height":224,"image_width":224,"use_cudnn":0},"cudnn_version":"none","backward_times":[0.28389811515808,0.28558897972107,0.28514099121094,0.28326511383057,0.28615498542786,0.28492999076843,0.28281307220459,0.28479194641113,0.28569197654724,0.28436303138733]}