{"forward_times":[0.045830011367798,0.046850919723511,0.045677900314331,0.045361042022705,0.045212030410767,0.045475006103516,0.045387983322144,0.045335054397583,0.045328855514526,0.045443058013916],"total_times":[0.14633989334106,0.1458420753479,0.14272999763489,0.14128923416138,0.14157795906067,0.14159512519836,0.14135789871216,0.1414430141449,0.14162588119507,0.14182615280151],"gpu_name":"Quadro P6000","opt":{"gpu":0,"num_passes":10,"model_t7":"models\/vgg19.t7","batch_size":16,"output_json":"outputs\/677906.json","image_height":224,"image_width":224,"use_cudnn":1},"cudnn_version":5110,"backward_times":[0.10050988197327,0.09899115562439,0.097052097320557,0.095928192138672,0.096365928649902,0.096120119094849,0.095969915390015,0.096107959747314,0.096297025680542,0.096383094787598]}