{"forward_times":[0.073786020278931,0.073904991149902,0.073739051818848,0.073714017868042,0.07371997833252,0.073813915252686,0.073723077774048,0.073862075805664,0.073812961578369,0.073976039886475],"total_times":[0.2186291217804,0.21892595291138,0.21889710426331,0.21826696395874,0.21852016448975,0.21941494941711,0.21809124946594,0.21944999694824,0.21867203712463,0.2195839881897],"gpu_name":"Quadro P6000","opt":{"gpu":0,"num_passes":10,"model_t7":"models\/resnet-152.t7","batch_size":16,"output_json":"outputs\/709005.json","image_height":224,"image_width":224,"use_cudnn":1},"cudnn_version":5110,"backward_times":[0.14484310150146,0.14502096176147,0.14515805244446,0.1445529460907,0.14480018615723,0.14560103416443,0.14436817169189,0.14558792114258,0.14485907554626,0.14560794830322]}