{"forward_times":[0.10229301452637,0.10233306884766,0.10260486602783,0.10235095024109,0.10232710838318,0.10229086875916,0.10233187675476,0.10230398178101,0.10237693786621,0.10239386558533],"total_times":[0.29688882827759,0.29722714424133,0.29746079444885,0.296875,0.29794812202454,0.29707288742065,0.29656887054443,0.29790186882019,0.29692387580872,0.29807901382446],"gpu_name":"Quadro P6000","opt":{"gpu":0,"num_passes":10,"model_t7":"models\/resnet-200.t7","batch_size":16,"output_json":"outputs\/790502.json","image_height":224,"image_width":224,"use_cudnn":1},"cudnn_version":5110,"backward_times":[0.19459581375122,0.19489407539368,0.19485592842102,0.19452404975891,0.19562101364136,0.1947820186615,0.19423699378967,0.19559788703918,0.1945469379425,0.19568514823914]}