{"forward_times":[0.14704918861389,0.14705991744995,0.14703989028931,0.14694905281067,0.14700412750244,0.14701294898987,0.14713883399963,0.14697098731995,0.14710521697998,0.14736604690552],"total_times":[0.46444821357727,0.46443700790405,0.46459984779358,0.46434903144836,0.46472096443176,0.4648289680481,0.46489477157593,0.46458315849304,0.46540808677673,0.46576809883118],"gpu_name":"Quadro P6000","opt":{"gpu":0,"num_passes":10,"model_t7":"models\/resnet-152.t7","batch_size":16,"output_json":"outputs\/809978.json","image_height":224,"image_width":224,"use_cudnn":0},"cudnn_version":"none","backward_times":[0.31739902496338,0.3173770904541,0.31755995750427,0.3173999786377,0.31771683692932,0.31781601905823,0.31775593757629,0.3176121711731,0.31830286979675,0.31840205192566]}