{"forward_times":[0.016932010650635,0.016952037811279,0.016951084136963,0.017097949981689,0.017120838165283,0.01720404624939,0.017247915267944,0.017210960388184,0.017199993133545,0.017206907272339],"total_times":[0.051888942718506,0.052012205123901,0.052029132843018,0.052370071411133,0.052516937255859,0.052752017974854,0.05278205871582,0.052750825881958,0.05278491973877,0.052716970443726],"gpu_name":"Quadro P6000","opt":{"gpu":0,"num_passes":10,"model_t7":"models\/resnet-34.t7","batch_size":16,"output_json":"outputs\/844365.json","image_height":224,"image_width":224,"use_cudnn":1},"cudnn_version":5110,"backward_times":[0.034956932067871,0.035060167312622,0.035078048706055,0.035272121429443,0.035396099090576,0.035547971725464,0.035534143447876,0.035539865493774,0.035584926605225,0.035510063171387]}