{"forward_times":[0.10350203514099,0.10359001159668,0.10353899002075,0.10366916656494,0.10364294052124,0.10353589057922,0.10515213012695,0.10366010665894,0.10365796089172,0.10364103317261],"total_times":[0.32828307151794,0.32852482795715,0.32853293418884,0.32864022254944,0.32852792739868,0.32835388183594,0.33031320571899,0.32866597175598,0.32900094985962,0.32896304130554],"gpu_name":"Quadro P6000","opt":{"gpu":0,"num_passes":10,"model_t7":"models\/resnet-101.t7","batch_size":16,"output_json":"outputs\/868944.json","image_height":224,"image_width":224,"use_cudnn":0},"cudnn_version":"none","backward_times":[0.22478103637695,0.22493481636047,0.22499394416809,0.2249710559845,0.22488498687744,0.22481799125671,0.22516107559204,0.22500586509705,0.2253429889679,0.22532200813293]}