{"forward_times":[0.064318180084229,0.064123868942261,0.0642249584198,0.064200878143311,0.064143180847168,0.064209938049316,0.064146995544434,0.064141988754272,0.064322948455811,0.064203023910522],"total_times":[0.20164799690247,0.20110988616943,0.20132803916931,0.20125484466553,0.20127320289612,0.20128202438354,0.20116305351257,0.20134997367859,0.20157289505005,0.20124387741089],"gpu_name":"Quadro P6000","opt":{"gpu":0,"num_passes":10,"model_t7":"models\/resnet-50.t7","batch_size":16,"output_json":"outputs\/887054.json","image_height":224,"image_width":224,"use_cudnn":0},"cudnn_version":"none","backward_times":[0.13732981681824,0.13698601722717,0.13710308074951,0.13705396652222,0.13713002204895,0.13707208633423,0.13701605796814,0.13720798492432,0.13724994659424,0.13704085350037]}