{"forward_times":[0.09289813041687,0.092590093612671,0.092325925827026,0.092582941055298,0.092360973358154,0.092253923416138,0.092139005661011,0.092197895050049,0.092665195465088,0.092305183410645],"total_times":[0.33497595787048,0.33179020881653,0.33286905288696,0.33091402053833,0.32983493804932,0.33004188537598,0.33037805557251,0.33038973808289,0.33243227005005,0.33153128623962],"gpu_name":"Quadro P6000","opt":{"gpu":0,"num_passes":10,"model_t7":"models\/vgg16.t7","batch_size":16,"output_json":"outputs\/917682.json","image_height":224,"image_width":224,"use_cudnn":0},"cudnn_version":"none","backward_times":[0.24207782745361,0.23920011520386,0.24054312705994,0.23833107948303,0.23747396469116,0.23778796195984,0.2382390499115,0.23819184303284,0.23976707458496,0.23922610282898]}