{"forward_times":[0.011862993240356,0.011861085891724,0.011863946914673,0.011839866638184,0.011868000030518,0.01186203956604,0.011875152587891,0.011919975280762,0.011884927749634,0.01186203956604],"total_times":[0.039712905883789,0.039693117141724,0.039686918258667,0.039832830429077,0.039661884307861,0.039784908294678,0.039707183837891,0.03978705406189,0.039813041687012,0.03982400894165],"gpu_name":"Quadro P6000","opt":{"gpu":0,"num_passes":10,"model_t7":"models\/googlenet-v1.t7","batch_size":16,"output_json":"outputs\/970494.json","image_height":224,"image_width":224,"use_cudnn":1},"cudnn_version":5110,"backward_times":[0.027849912643433,0.02783203125,0.027822971343994,0.027992963790894,0.027793884277344,0.027922868728638,0.02783203125,0.027867078781128,0.027928113937378,0.02796196937561]}