{"forward_times":[0.009152889251709,0.0091590881347656,0.0091090202331543,0.0084800720214844,0.0084879398345947,0.0084998607635498,0.0084841251373291,0.0084848403930664,0.0084857940673828,0.0084960460662842],"total_times":[0.023997068405151,0.024013042449951,0.023093938827515,0.022469043731689,0.022479057312012,0.022462844848633,0.022522211074829,0.022550821304321,0.022480726242065,0.022546052932739],"gpu_name":"Tesla V100-SXM2-16GB","opt":{"gpu":0,"num_passes":10,"model_t7":"models\/vgg19.t7","batch_size":2,"output_json":"v100_cudnn7004_batch2\/13949.json","image_height":224,"image_width":224,"use_cudnn":1},"cudnn_version":7004,"backward_times":[0.014844179153442,0.014853954315186,0.01398491859436,0.013988971710205,0.013991117477417,0.013962984085083,0.0140380859375,0.014065980911255,0.013994932174683,0.014050006866455]}