{"forward_times":[0.028156995773315,0.028151988983154,0.028157949447632,0.028163909912109,0.028174161911011,0.028162956237793,0.028167963027954,0.028173208236694,0.028166055679321,0.028149127960205],"total_times":[0.07896900177002,0.07903003692627,0.078987836837769,0.078971862792969,0.079001188278198,0.078987836837769,0.078980922698975,0.07903528213501,0.078987121582031,0.078986167907715],"gpu_name":"Tesla V100-SXM2-16GB","opt":{"gpu":0,"num_passes":10,"model_t7":"models\/resnet-200.t7","batch_size":2,"output_json":"v100_cudnn7004_batch2\/162251.json","image_height":224,"image_width":224,"use_cudnn":0},"cudnn_version":"none","backward_times":[0.050812005996704,0.050878047943115,0.050829887390137,0.050807952880859,0.050827026367188,0.050824880599976,0.050812959671021,0.050862073898315,0.05082106590271,0.05083703994751]}