{"forward_times":[0.02167797088623,0.021674871444702,0.021682024002075,0.021676063537598,0.021673917770386,0.021681070327759,0.02167010307312,0.021672964096069,0.021682024002075,0.021689891815186],"total_times":[0.058690786361694,0.058670997619629,0.058737993240356,0.05866003036499,0.058665990829468,0.058726072311401,0.058685302734375,0.0586838722229,0.058693170547485,0.058697938919067],"gpu_name":"Tesla V100-SXM2-16GB","opt":{"gpu":0,"num_passes":10,"model_t7":"models\/resnet-152.t7","batch_size":2,"output_json":"v100_cudnn7004_batch2\/165146.json","image_height":224,"image_width":224,"use_cudnn":0},"cudnn_version":"none","backward_times":[0.037012815475464,0.036996126174927,0.037055969238281,0.036983966827393,0.036992073059082,0.037045001983643,0.037015199661255,0.037010908126831,0.03701114654541,0.037008047103882]}