{"forward_times":[0.0014998912811279,0.0014548301696777,0.0014009475708008,0.0014169216156006,0.0013940334320068,0.001431941986084,0.001399040222168,0.0014300346374512,0.0014009475708008,0.0014610290527344],"total_times":[0.004307746887207,0.0042319297790527,0.0042209625244141,0.0041878223419189,0.0042321681976318,0.0042288303375244,0.004209041595459,0.0042412281036377,0.0041990280151367,0.0042619705200195],"gpu_name":"Tesla V100-SXM2-16GB","opt":{"gpu":0,"num_passes":10,"model_t7":"models\/alexnet.t7","batch_size":2,"output_json":"v100_cudnn7004_batch2\/16773.json","image_height":224,"image_width":224,"use_cudnn":1},"cudnn_version":7004,"backward_times":[0.0028078556060791,0.002777099609375,0.0028200149536133,0.0027709007263184,0.002838134765625,0.0027968883514404,0.002810001373291,0.0028111934661865,0.0027980804443359,0.0028009414672852]}