{"forward_times":[0.014212846755981,0.013140916824341,0.013166189193726,0.013205051422119,0.013185977935791,0.013225793838501,0.013128042221069,0.013205051422119,0.013219118118286,0.013305902481079],"total_times":[0.066860914230347,0.065701961517334,0.065766334533691,0.065812110900879,0.0657639503479,0.065836906433105,0.06564998626709,0.0657639503479,0.06580924987793,0.065850973129272],"gpu_name":"Tesla V100-SXM2-16GB","opt":{"gpu":0,"num_passes":10,"model_t7":"models\/resnet-101.t7","batch_size":2,"output_json":"v100_cudnn7004_batch2\/228813.json","image_height":224,"image_width":224,"use_cudnn":1},"cudnn_version":7004,"backward_times":[0.052648067474365,0.052561044692993,0.052600145339966,0.05260705947876,0.052577972412109,0.052611112594604,0.052521944046021,0.052558898925781,0.052590131759644,0.052545070648193]}