{"forward_times":[0.019114971160889,0.018993139266968,0.01907205581665,0.019073963165283,0.019104957580566,0.019102096557617,0.019347190856934,0.019205808639526,0.019230127334595,0.020283937454224],"total_times":[0.090668916702271,0.090588092803955,0.090663194656372,0.090636968612671,0.090698957443237,0.090660095214844,0.090890169143677,0.09077262878418,0.090832948684692,0.091861963272095],"gpu_name":"Tesla V100-SXM2-16GB","opt":{"gpu":0,"num_passes":10,"model_t7":"models\/resnet-152.t7","batch_size":2,"output_json":"v100_cudnn7004_batch2\/34278.json","image_height":224,"image_width":224,"use_cudnn":1},"cudnn_version":7004,"backward_times":[0.071553945541382,0.071594953536987,0.071591138839722,0.071563005447388,0.071593999862671,0.071557998657227,0.071542978286743,0.071566820144653,0.071602821350098,0.071578025817871]}