{"forward_times":[0.0033059120178223,0.0030820369720459,0.0031869411468506,0.003101110458374,0.003136157989502,0.0031070709228516,0.0031189918518066,0.0031058788299561,0.0030779838562012,0.0030660629272461],"total_times":[0.008220911026001,0.0077860355377197,0.0078988075256348,0.007843017578125,0.0078792572021484,0.0078470706939697,0.0078210830688477,0.0078227519989014,0.0078551769256592,0.0077741146087646],"gpu_name":"Tesla V100-SXM2-16GB","opt":{"gpu":0,"num_passes":10,"model_t7":"models\/resnet-18.t7","batch_size":2,"output_json":"v100_cudnn7004_batch2\/35400.json","image_height":224,"image_width":224,"use_cudnn":1},"cudnn_version":7004,"backward_times":[0.0049149990081787,0.0047039985656738,0.0047118663787842,0.004741907119751,0.0047430992126465,0.0047399997711182,0.004702091217041,0.0047168731689453,0.004777193069458,0.0047080516815186]}