{"forward_times":[0.006162166595459,0.006181001663208,0.0061719417572021,0.0061731338500977,0.0061681270599365,0.006166934967041,0.006166934967041,0.0061759948730469,0.0061769485473633,0.0061609745025635],"total_times":[0.016205072402954,0.016218900680542,0.016240835189819,0.016212224960327,0.016201257705688,0.016214847564697,0.01620888710022,0.016220808029175,0.016211986541748,0.016201019287109],"gpu_name":"Tesla V100-SXM2-16GB","opt":{"gpu":0,"num_passes":10,"model_t7":"models\/resnet-34.t7","batch_size":2,"output_json":"v100_cudnn7004_batch2\/36853.json","image_height":224,"image_width":224,"use_cudnn":0},"cudnn_version":"none","backward_times":[0.010042905807495,0.010037899017334,0.010068893432617,0.010039091110229,0.010033130645752,0.010047912597656,0.010041952133179,0.010044813156128,0.010035037994385,0.010040044784546]}