{"forward_times":[0.011794090270996,0.011774063110352,0.011759996414185,0.011795043945312,0.011763095855713,0.011779069900513,0.011797904968262,0.011766910552979,0.011743068695068,0.01177191734314],"total_times":[0.035653114318848,0.035623073577881,0.03560996055603,0.035592079162598,0.035555124282837,0.035610198974609,0.035635948181152,0.035666942596436,0.035579919815063,0.035567998886108],"gpu_name":"Tesla V100-SXM2-16GB","opt":{"gpu":0,"num_passes":10,"model_t7":"models\/vgg19.t7","batch_size":2,"output_json":"v100_cudnn7004_batch2\/400402.json","image_height":224,"image_width":224,"use_cudnn":0},"cudnn_version":"none","backward_times":[0.023859024047852,0.023849010467529,0.023849964141846,0.023797035217285,0.023792028427124,0.023831129074097,0.023838043212891,0.023900032043457,0.023836851119995,0.023796081542969]}