{"forward_times":[0.0077519416809082,0.0077731609344482,0.007777214050293,0.0077540874481201,0.0077629089355469,0.0077579021453857,0.007767915725708,0.0077600479125977,0.0077650547027588,0.0077610015869141],"total_times":[0.023313999176025,0.023313283920288,0.023317098617554,0.023293972015381,0.023310899734497,0.023307800292969,0.02336573600769,0.023298025131226,0.023369073867798,0.023297071456909],"gpu_name":"Tesla V100-SXM2-16GB","opt":{"gpu":0,"num_passes":10,"model_t7":"models\/resnet-50.t7","batch_size":2,"output_json":"v100_cudnn7004_batch2\/448395.json","image_height":224,"image_width":224,"use_cudnn":0},"cudnn_version":"none","backward_times":[0.015562057495117,0.01554012298584,0.015539884567261,0.015539884567261,0.01554799079895,0.015549898147583,0.015597820281982,0.015537977218628,0.015604019165039,0.015536069869995]}