{"forward_times":[0.024669885635376,0.024471044540405,0.024718999862671,0.024671077728271,0.024760007858276,0.024721145629883,0.025079965591431,0.025127172470093,0.026725053787231,0.027538061141968],"total_times":[0.10837292671204,0.10813426971436,0.10841703414917,0.10838317871094,0.10846590995789,0.10839915275574,0.10878491401672,0.10888123512268,0.11046409606934,0.11127591133118],"gpu_name":"Tesla V100-SXM2-16GB","opt":{"gpu":0,"num_passes":10,"model_t7":"models\/resnet-200.t7","batch_size":2,"output_json":"v100_cudnn7004_batch2\/534855.json","image_height":224,"image_width":224,"use_cudnn":1},"cudnn_version":7004,"backward_times":[0.08370304107666,0.08366322517395,0.083698034286499,0.083712100982666,0.083705902099609,0.083678007125854,0.083704948425293,0.083754062652588,0.083739042282104,0.083737850189209]}