{"forward_times":[0.0076291561126709,0.0075950622558594,0.0076248645782471,0.0075931549072266,0.0075831413269043,0.0070478916168213,0.0070509910583496,0.0070030689239502,0.0070497989654541,0.0070619583129883],"total_times":[0.020323276519775,0.020304203033447,0.02030086517334,0.020231246948242,0.02021312713623,0.018929719924927,0.019023895263672,0.018912076950073,0.019003868103027,0.018955945968628],"gpu_name":"Tesla V100-SXM2-16GB","opt":{"gpu":0,"num_passes":10,"model_t7":"models\/vgg16.t7","batch_size":2,"output_json":"v100_cudnn7004_batch2\/588177.json","image_height":224,"image_width":224,"use_cudnn":1},"cudnn_version":7004,"backward_times":[0.012694120407104,0.012709140777588,0.012676000595093,0.012638092041016,0.012629985809326,0.011881828308105,0.011972904205322,0.011909008026123,0.011954069137573,0.01189398765564]}