{"forward_times":[0.0099899768829346,0.0099918842315674,0.0099949836730957,0.0096220970153809,0.0095911026000977,0.0096359252929688,0.0096080303192139,0.0095999240875244,0.0095970630645752,0.0095810890197754],"total_times":[0.03127908706665,0.031278848648071,0.030472040176392,0.030013084411621,0.029999256134033,0.029984951019287,0.02997899055481,0.029981851577759,0.029925107955933,0.029930114746094],"gpu_name":"Tesla V100-SXM2-16GB","opt":{"gpu":0,"num_passes":10,"model_t7":"models\/vgg16.t7","batch_size":2,"output_json":"v100_cudnn7004_batch2\/590759.json","image_height":224,"image_width":224,"use_cudnn":0},"cudnn_version":"none","backward_times":[0.021289110183716,0.021286964416504,0.020477056503296,0.02039098739624,0.020408153533936,0.020349025726318,0.020370960235596,0.020381927490234,0.020328044891357,0.020349025726318]}