{"forward_times":[0.0075929164886475,0.0076029300689697,0.0071730613708496,0.0071871280670166,0.0071680545806885,0.0071868896484375,0.0071730613708496,0.0071659088134766,0.0072169303894043,0.0071840286254883],"total_times":[0.03881311416626,0.038631916046143,0.037189960479736,0.037201166152954,0.037158012390137,0.037197828292847,0.03718900680542,0.037161111831665,0.037240982055664,0.037230968475342],"gpu_name":"Tesla V100-SXM2-16GB","opt":{"gpu":0,"num_passes":10,"model_t7":"models\/resnet-50.t7","batch_size":2,"output_json":"v100_cudnn7004_batch2\/6280.json","image_height":224,"image_width":224,"use_cudnn":1},"cudnn_version":7004,"backward_times":[0.031220197677612,0.031028985977173,0.030016899108887,0.030014038085938,0.029989957809448,0.030010938644409,0.03001594543457,0.029995203018188,0.03002405166626,0.030046939849854]}