{"forward_times":[0.0056321620941162,0.0054359436035156,0.0055091381072998,0.0055100917816162,0.0054569244384766,0.0055050849914551,0.0055339336395264,0.0055530071258545,0.0055291652679443,0.0055210590362549],"total_times":[0.013965129852295,0.013608932495117,0.013594150543213,0.013528108596802,0.013483047485352,0.013740062713623,0.013803958892822,0.013837099075317,0.013766288757324,0.013731002807617],"gpu_name":"Tesla V100-SXM2-16GB","opt":{"gpu":0,"num_passes":10,"model_t7":"models\/resnet-34.t7","batch_size":2,"output_json":"v100_cudnn7004_batch2\/64514.json","image_height":224,"image_width":224,"use_cudnn":1},"cudnn_version":7004,"backward_times":[0.0083329677581787,0.0081729888916016,0.0080850124359131,0.0080180168151855,0.008026123046875,0.008234977722168,0.0082700252532959,0.0082840919494629,0.0082371234893799,0.0082099437713623]}