{"forward_times":[0.014734029769897,0.014746904373169,0.01475191116333,0.014744997024536,0.014735221862793,0.014733791351318,0.01474404335022,0.014737129211426,0.014741182327271,0.014741897583008],"total_times":[0.040524005889893,0.040460824966431,0.040501832962036,0.04049015045166,0.040453195571899,0.040505886077881,0.040479898452759,0.040469169616699,0.040496110916138,0.040480852127075],"gpu_name":"Tesla V100-SXM2-16GB","opt":{"gpu":0,"num_passes":10,"model_t7":"models\/resnet-101.t7","batch_size":2,"output_json":"v100_cudnn7004_batch2\/669069.json","image_height":224,"image_width":224,"use_cudnn":0},"cudnn_version":"none","backward_times":[0.025789976119995,0.025713920593262,0.025749921798706,0.025745153427124,0.025717973709106,0.025772094726562,0.025735855102539,0.025732040405273,0.025754928588867,0.025738954544067]}