{"forward_times":[0.0033390522003174,0.0033369064331055,0.0033600330352783,0.0033550262451172,0.0033571720123291,0.0033531188964844,0.0033559799194336,0.0033540725708008,0.0033571720123291,0.0033600330352783],"total_times":[0.0093469619750977,0.0093138217926025,0.0093421936035156,0.0093731880187988,0.009343147277832,0.0093371868133545,0.0093719959259033,0.0093681812286377,0.0093412399291992,0.0093560218811035],"gpu_name":"Tesla V100-SXM2-16GB","opt":{"gpu":0,"num_passes":10,"model_t7":"models\/resnet-18.t7","batch_size":2,"output_json":"v100_cudnn7004_batch2\/802141.json","image_height":224,"image_width":224,"use_cudnn":0},"cudnn_version":"none","backward_times":[0.0060079097747803,0.0059769153594971,0.0059821605682373,0.0060181617736816,0.0059859752655029,0.0059840679168701,0.0060160160064697,0.0060141086578369,0.0059840679168701,0.0059959888458252]}