{"forward_times":[0.0076489448547363,0.0076379776000977,0.0076360702514648,0.0076379776000977,0.0076329708099365,0.007634162902832,0.0076329708099365,0.0076310634613037,0.0076329708099365,0.0076391696929932],"total_times":[0.018566846847534,0.018564939498901,0.018584012985229,0.018609762191772,0.018589973449707,0.018583297729492,0.018555879592896,0.018562078475952,0.018588066101074,0.01856517791748],"gpu_name":"Tesla V100-SXM2-16GB","opt":{"gpu":0,"num_passes":10,"model_t7":"models\/googlenet-v1.t7","batch_size":2,"output_json":"v100_cudnn7004_batch2\/81559.json","image_height":224,"image_width":224,"use_cudnn":0},"cudnn_version":"none","backward_times":[0.010917901992798,0.010926961898804,0.010947942733765,0.010971784591675,0.010957002639771,0.01094913482666,0.010922908782959,0.010931015014648,0.010955095291138,0.010926008224487]}