{"forward_times":[0.0065040588378906,0.0061609745025635,0.0063259601593018,0.0061960220336914,0.0061099529266357,0.0062401294708252,0.0061450004577637,0.0062611103057861,0.0063400268554688,0.0064888000488281],"total_times":[0.018626928329468,0.017961978912354,0.018391847610474,0.01816201210022,0.01800799369812,0.018327236175537,0.017948865890503,0.018278121948242,0.019772052764893,0.018967866897583],"gpu_name":"Tesla V100-SXM2-16GB","opt":{"gpu":0,"num_passes":10,"model_t7":"models\/googlenet-v1.t7","batch_size":2,"output_json":"v100_cudnn7004_batch2\/946569.json","image_height":224,"image_width":224,"use_cudnn":1},"cudnn_version":7004,"backward_times":[0.012122869491577,0.01180100440979,0.012065887451172,0.011965990066528,0.011898040771484,0.012087106704712,0.011803865432739,0.012017011642456,0.013432025909424,0.012479066848755]}