{"forward_times":[0.050753116607666,0.05073094367981,0.050719976425171,0.05076003074646,0.050658941268921,0.05076003074646,0.050749063491821,0.050668954849243,0.050719022750854,0.050727128982544],"total_times":[0.13977909088135,0.13980507850647,0.13977289199829,0.13978004455566,0.13974404335022,0.13981318473816,0.13982915878296,0.13976383209229,0.13975715637207,0.13977408409119],"gpu_name":"Tesla V100-SXM2-16GB","opt":{"gpu":0,"num_passes":10,"model_t7":"models\/resnet-18.t7","batch_size":32,"output_json":"outputs\/v100_cudnn7004_batch32\/182514.json","image_height":224,"image_width":224,"use_cudnn":0},"cudnn_version":"none","backward_times":[0.089025974273682,0.08907413482666,0.08905291557312,0.089020013809204,0.089085102081299,0.089053153991699,0.089080095291138,0.089094877243042,0.089038133621216,0.089046955108643]}