{"forward_times":[0.093400955200195,0.093382120132446,0.093232870101929,0.093355894088745,0.093324184417725,0.093209981918335,0.093291997909546,0.093265056610107,0.093178033828735,0.093235969543457],"total_times":[0.24306893348694,0.24292516708374,0.24271178245544,0.24274897575378,0.24270915985107,0.24254775047302,0.24274802207947,0.24269509315491,0.24264001846313,0.24271106719971],"gpu_name":"Tesla V100-SXM2-16GB","opt":{"gpu":0,"num_passes":10,"model_t7":"models\/resnet-34.t7","batch_size":32,"output_json":"outputs\/v100_cudnn7004_batch32\/232523.json","image_height":224,"image_width":224,"use_cudnn":0},"cudnn_version":"none","backward_times":[0.14966797828674,0.14954304695129,0.14947891235352,0.14939308166504,0.14938497543335,0.14933776855469,0.14945602416992,0.1494300365448,0.1494619846344,0.14947509765625]}