{"forward_times":[0.017596960067749,0.017632961273193,0.017585039138794,0.017602920532227,0.017564058303833,0.017585039138794,0.01755690574646,0.017570972442627,0.017590999603271,0.01755690574646],"total_times":[0.056455135345459,0.05640697479248,0.056436061859131,0.056474924087524,0.056430101394653,0.056391000747681,0.056371927261353,0.056366920471191,0.056498050689697,0.056428909301758],"gpu_name":"Tesla V100-SXM2-16GB","opt":{"gpu":0,"num_passes":10,"model_t7":"models\/resnet-34.t7","batch_size":32,"output_json":"outputs\/v100_cudnn7004_batch32\/233928.json","image_height":224,"image_width":224,"use_cudnn":1},"cudnn_version":7004,"backward_times":[0.03885817527771,0.038774013519287,0.038851022720337,0.038872003555298,0.03886604309082,0.038805961608887,0.038815021514893,0.038795948028564,0.038907051086426,0.038872003555298]}