{"forward_times":[0.010600805282593,0.010583877563477,0.010589838027954,0.010695934295654,0.010601043701172,0.010579109191895,0.010584115982056,0.010584115982056,0.010571956634521,0.01059103012085],"total_times":[0.035031795501709,0.035014867782593,0.035039901733398,0.035134077072144,0.035088062286377,0.035056114196777,0.034993171691895,0.035115242004395,0.035110950469971,0.035037040710449],"gpu_name":"Tesla V100-SXM2-16GB","opt":{"gpu":0,"num_passes":10,"model_t7":"models\/resnet-18.t7","batch_size":32,"output_json":"outputs\/v100_cudnn7004_batch32\/364056.json","image_height":224,"image_width":224,"use_cudnn":1},"cudnn_version":7004,"backward_times":[0.024430990219116,0.024430990219116,0.024450063705444,0.024438142776489,0.024487018585205,0.024477005004883,0.024409055709839,0.024531126022339,0.024538993835449,0.0244460105896]}