{"forward_times":[0.13372683525085,0.13360190391541,0.133624792099,0.13374805450439,0.13364100456238,0.13381886482239,0.1334240436554,0.13353395462036,0.13368892669678,0.1335711479187],"total_times":[0.43048787117004,0.43035387992859,0.43017172813416,0.43049883842468,0.43054294586182,0.43102288246155,0.4301130771637,0.43035387992859,0.4309778213501,0.43072104454041],"gpu_name":"Tesla V100-SXM2-16GB","opt":{"gpu":0,"num_passes":10,"model_t7":"models\/vgg16.t7","batch_size":32,"output_json":"outputs\/v100_cudnn7004_batch32\/440117.json","image_height":224,"image_width":224,"use_cudnn":0},"cudnn_version":"none","backward_times":[0.29676103591919,0.29675197601318,0.29654693603516,0.29675078392029,0.29690194129944,0.29720401763916,0.2966890335083,0.29681992530823,0.29728889465332,0.2971498966217]}