{"forward_times":[0.33266997337341,0.3327329158783,0.33273410797119,0.33273196220398,0.33269691467285,0.33281779289246,0.33285212516785,0.33261799812317,0.33276891708374,0.33277487754822],"total_times":[0.88698887825012,0.88707280158997,0.88731026649475,0.88708090782166,0.88714289665222,0.88723087310791,0.88718128204346,0.88705110549927,0.88728094100952,0.88708400726318],"gpu_name":"Tesla V100-SXM2-16GB","opt":{"gpu":0,"num_passes":10,"model_t7":"models\/resnet-152.t7","batch_size":32,"output_json":"outputs\/v100_cudnn7004_batch32\/482265.json","image_height":224,"image_width":224,"use_cudnn":0},"cudnn_version":"none","backward_times":[0.55431890487671,0.55433988571167,0.55457615852356,0.55434894561768,0.55444598197937,0.55441308021545,0.55432915687561,0.5544331073761,0.55451202392578,0.55430912971497]}