{"forward_times":[0.0056090354919434,0.0055370330810547,0.0055010318756104,0.0055460929870605,0.0055298805236816,0.0055491924285889,0.0055179595947266,0.0055348873138428,0.0055480003356934,0.0055370330810547],"total_times":[0.01605224609375,0.016332149505615,0.015933990478516,0.016059875488281,0.016072988510132,0.016351222991943,0.015975952148438,0.016052961349487,0.016059875488281,0.016324043273926],"gpu_name":"Tesla V100-SXM2-16GB","opt":{"gpu":0,"num_passes":10,"model_t7":"models\/alexnet.t7","batch_size":32,"output_json":"outputs\/v100_cudnn7004_batch32\/556269.json","image_height":224,"image_width":224,"use_cudnn":1},"cudnn_version":7004,"backward_times":[0.010443210601807,0.010795116424561,0.010432958602905,0.010513782501221,0.01054310798645,0.010802030563354,0.010457992553711,0.010518074035645,0.010511875152588,0.010787010192871]}