{"forward_times":[0.036619901657104,0.036834955215454,0.036603927612305,0.036539077758789,0.036693811416626,0.036736011505127,0.036661863327026,0.036690950393677,0.036636829376221,0.036636829376221],"total_times":[0.11230206489563,0.11245489120483,0.11219906806946,0.1121129989624,0.1123149394989,0.11241507530212,0.11223983764648,0.11234092712402,0.11238288879395,0.11256098747253],"gpu_name":"Tesla V100-SXM2-16GB","opt":{"gpu":0,"num_passes":10,"model_t7":"models\/resnet-50.t7","batch_size":32,"output_json":"outputs\/v100_cudnn7004_batch32\/591436.json","image_height":224,"image_width":224,"use_cudnn":1},"cudnn_version":7004,"backward_times":[0.075682163238525,0.07561993598938,0.075595140457153,0.075573921203613,0.075621128082275,0.075679063796997,0.075577974319458,0.075649976730347,0.075746059417725,0.075924158096313]}