{"forward_times":[0.057163953781128,0.057024002075195,0.057042837142944,0.057069063186646,0.057015895843506,0.057065010070801,0.057147979736328,0.057090997695923,0.056981086730957,0.057048082351685],"total_times":[0.1725800037384,0.17246985435486,0.17240381240845,0.17264103889465,0.17248177528381,0.17250490188599,0.17273187637329,0.17254519462585,0.17244219779968,0.17245411872864],"gpu_name":"Tesla V100-SXM2-16GB","opt":{"gpu":0,"num_passes":10,"model_t7":"models\/resnet-101.t7","batch_size":32,"output_json":"outputs\/v100_cudnn7004_batch32\/602982.json","image_height":224,"image_width":224,"use_cudnn":1},"cudnn_version":7004,"backward_times":[0.11541604995728,0.11544585227966,0.1153609752655,0.11557197570801,0.11546587944031,0.11543989181519,0.11558389663696,0.11545419692993,0.11546111106873,0.11540603637695]}