{"forward_times":[0.044050931930542,0.044067859649658,0.044166088104248,0.044195890426636,0.044035911560059,0.044128894805908,0.044055938720703,0.044100999832153,0.044212818145752,0.04408597946167],"total_times":[0.1448290348053,0.14498591423035,0.14506816864014,0.14500999450684,0.14485502243042,0.14501595497131,0.14497995376587,0.14493608474731,0.14513182640076,0.14509296417236],"gpu_name":"Tesla V100-SXM2-16GB","opt":{"gpu":0,"num_passes":10,"model_t7":"models\/vgg16.t7","batch_size":32,"output_json":"outputs\/v100_cudnn7004_batch32\/693462.json","image_height":224,"image_width":224,"use_cudnn":1},"cudnn_version":7004,"backward_times":[0.10077810287476,0.10091805458069,0.10090208053589,0.1008141040802,0.10081911087036,0.10088706016541,0.10092401504517,0.10083508491516,0.100919008255,0.10100698471069]}