{"forward_times":[0.11896991729736,0.11894607543945,0.1189558506012,0.11896896362305,0.11891293525696,0.11893510818481,0.11896300315857,0.11895203590393,0.11892199516296,0.1190140247345],"total_times":[0.3519299030304,0.35197401046753,0.35197281837463,0.35201406478882,0.35194897651672,0.35192728042603,0.35188102722168,0.35194087028503,0.35191583633423,0.3520290851593],"gpu_name":"Tesla V100-SXM2-16GB","opt":{"gpu":0,"num_passes":10,"model_t7":"models\/resnet-50.t7","batch_size":32,"output_json":"outputs\/v100_cudnn7004_batch32\/697582.json","image_height":224,"image_width":224,"use_cudnn":0},"cudnn_version":"none","backward_times":[0.23295998573303,0.23302793502808,0.23301696777344,0.23304510116577,0.23303604125977,0.23299217224121,0.23291802406311,0.2329888343811,0.23299384117126,0.2330150604248]}