{"forward_times":[0.080690860748291,0.081006050109863,0.080513954162598,0.080514907836914,0.080645799636841,0.080760955810547,0.080801010131836,0.080725193023682,0.080905914306641,0.08113694190979],"total_times":[0.24064993858337,0.24083709716797,0.24066996574402,0.24060678482056,0.24047780036926,0.24080586433411,0.24076318740845,0.24084830284119,0.24098777770996,0.24103784561157],"gpu_name":"Tesla V100-SXM2-16GB","opt":{"gpu":0,"num_passes":10,"model_t7":"models\/resnet-152.t7","batch_size":32,"output_json":"outputs\/v100_cudnn7004_batch32\/701192.json","image_height":224,"image_width":224,"use_cudnn":1},"cudnn_version":7004,"backward_times":[0.15995907783508,0.15983104705811,0.16015601158142,0.16009187698364,0.15983200073242,0.16004490852356,0.15996217727661,0.1601231098175,0.16008186340332,0.15990090370178]}