{"forward_times":[0.16812801361084,0.16809105873108,0.16811299324036,0.16806507110596,0.16835713386536,0.16803407669067,0.16832804679871,0.16791486740112,0.16810297966003,0.1680760383606],"total_times":[0.51943516731262,0.52009010314941,0.52024483680725,0.52029299736023,0.51978707313538,0.51937317848206,0.51934409141541,0.51934599876404,0.51945686340332,0.51961207389832],"gpu_name":"Tesla V100-SXM2-16GB","opt":{"gpu":0,"num_passes":10,"model_t7":"models\/vgg19.t7","batch_size":32,"output_json":"outputs\/v100_cudnn7004_batch32\/702744.json","image_height":224,"image_width":224,"use_cudnn":0},"cudnn_version":"none","backward_times":[0.35130715370178,0.35199904441833,0.35213184356689,0.35222792625427,0.35142993927002,0.35133910179138,0.3510160446167,0.35143113136292,0.35135388374329,0.35153603553772]}