{"forward_times":[0.051616191864014,0.051561832427979,0.051624059677124,0.051455020904541,0.051594972610474,0.051474809646606,0.051625967025757,0.051431894302368,0.051591157913208,0.05145001411438],"total_times":[0.16680097579956,0.16674065589905,0.16681504249573,0.16663193702698,0.16685795783997,0.16671872138977,0.16684198379517,0.16659283638,0.16698217391968,0.166748046875],"gpu_name":"Tesla V100-SXM2-16GB","opt":{"gpu":0,"num_passes":10,"model_t7":"models\/vgg19.t7","batch_size":32,"output_json":"outputs\/v100_cudnn7004_batch32\/769490.json","image_height":224,"image_width":224,"use_cudnn":1},"cudnn_version":7004,"backward_times":[0.11518478393555,0.11517882347107,0.1151909828186,0.11517691612244,0.11526298522949,0.11524391174316,0.11521601676941,0.11516094207764,0.11539101600647,0.11529803276062]}