{"forward_times":[0.012929916381836,0.012972116470337,0.01298189163208,0.012973070144653,0.012895107269287,0.012964010238647,0.012982130050659,0.012995004653931,0.012929916381836,0.012990951538086],"total_times":[0.044848918914795,0.044865131378174,0.04497504234314,0.044930934906006,0.044690132141113,0.044967174530029,0.044881105422974,0.044788122177124,0.044879913330078,0.044948101043701],"gpu_name":"Tesla V100-SXM2-16GB","opt":{"gpu":0,"num_passes":10,"model_t7":"models\/googlenet-v1.t7","batch_size":32,"output_json":"outputs\/v100_cudnn7004_batch32\/802258.json","image_height":224,"image_width":224,"use_cudnn":1},"cudnn_version":7004,"backward_times":[0.031919002532959,0.031893014907837,0.03199315071106,0.031957864761353,0.031795024871826,0.032003164291382,0.031898975372314,0.031793117523193,0.031949996948242,0.031957149505615]}