{"forward_times":[0.22599983215332,0.22580504417419,0.22591996192932,0.22594690322876,0.22583794593811,0.22593212127686,0.225919008255,0.22588086128235,0.22590613365173,0.22585701942444],"total_times":[0.61178183555603,0.61149024963379,0.61162090301514,0.61166191101074,0.61148500442505,0.61154317855835,0.61166286468506,0.61149787902832,0.6115710735321,0.61165404319763],"gpu_name":"Tesla V100-SXM2-16GB","opt":{"gpu":0,"num_passes":10,"model_t7":"models\/resnet-101.t7","batch_size":32,"output_json":"outputs\/v100_cudnn7004_batch32\/821817.json","image_height":224,"image_width":224,"use_cudnn":0},"cudnn_version":"none","backward_times":[0.38578200340271,0.38568520545959,0.38570094108582,0.38571500778198,0.38564705848694,0.38561105728149,0.38574385643005,0.38561701774597,0.38566493988037,0.38579702377319]}