{"forward_times":[0.11276006698608,0.11272311210632,0.11282205581665,0.11272382736206,0.11277389526367,0.11270809173584,0.11283206939697,0.11274099349976,0.11278390884399,0.11281394958496],"total_times":[0.26774501800537,0.26771211624146,0.26781415939331,0.26780867576599,0.26784610748291,0.26775217056274,0.26785516738892,0.26771402359009,0.2678759098053,0.26778388023376],"gpu_name":"Tesla V100-SXM2-16GB","opt":{"gpu":0,"num_passes":10,"model_t7":"models\/googlenet-v1.t7","batch_size":32,"output_json":"outputs\/v100_cudnn7004_batch32\/897350.json","image_height":224,"image_width":224,"use_cudnn":0},"cudnn_version":"none","backward_times":[0.15498495101929,0.15498900413513,0.15499210357666,0.15508484840393,0.15507221221924,0.1550440788269,0.15502309799194,0.15497303009033,0.1550920009613,0.1549699306488]}